,Content ID,User ID,Type,Category,URL
0,97522e57-d9ab-4bd6-97bf-c24d952602d2,8d3cd87d-8a31-4935-9a4f-b319bfe05f31,photo,Studying,https://socialbuzz.cdn.com/content/storage/97522e57-d9ab-4bd6-97bf-c24d952602d2
1,9f737e0a-3cdd-4d29-9d24-753f4e3be810,beb1f34e-7870-46d6-9fc7-2e12eb83ce43,photo,healthy eating,https://socialbuzz.cdn.com/content/storage/9f737e0a-3cdd-4d29-9d24-753f4e3be810
2,230c4e4d-70c3-461d-b42c-ec09396efb3f,a5c65404-5894-4b87-82f2-d787cbee86b4,photo,healthy eating,https://socialbuzz.cdn.com/content/storage/230c4e4d-70c3-461d-b42c-ec09396efb3f
3,356fff80-da4d-4785-9f43-bc1261031dc6,9fb4ce88-fac1-406c-8544-1a899cee7aaf,photo,technology,https://socialbuzz.cdn.com/content/storage/356fff80-da4d-4785-9f43-bc1261031dc6
4,01ab84dd-6364-4236-abbb-3f237db77180,e206e31b-5f85-4964-b6ea-d7ee5324def1,video,food,https://socialbuzz.cdn.com/content/storage/01ab84dd-6364-4236-abbb-3f237db77180
5,cf1e8c1a-23eb-4426-9f58-002fb1b53e91,4607d7b0-3313-49b8-9f73-5b8227fc5b67,GIF,cooking,
6,3f8590c7-6ab2-4973-805a-90cdec355f05,ae600af5-c1f0-4b1f-adb0-1b4c246373e4,video,dogs,https://socialbuzz.cdn.com/content/storage/3f8590c7-6ab2-4973-805a-90cdec355f05
7,e5490118-90d5-4572-ab1c-1fbc87b8d9ca,583f2bde-886d-4cf3-a5c4-7cb60cd25df3,video,technology,https://socialbuzz.cdn.com/content/storage/e5490118-90d5-4572-ab1c-1fbc87b8d9ca
8,0bedca96-fb76-4287-a83c-17330ed39cce,2bd9c167-e06c-47c1-a978-3403d6724606,photo,soccer,https://socialbuzz.cdn.com/content/storage/0bedca96-fb76-4287-a83c-17330ed39cce
9,b18cb63f-4c8e-44ee-a47f-541e95191d11,13f0db8a-152a-496f-a6e8-1ed6a90b8788,photo,public speaking,https://socialbuzz.cdn.com/content/storage/b18cb63f-4c8e-44ee-a47f-541e95191d11
10,5118e9c5-1377-4cc5-a486-65b35b7b7b76,ef56931b-540b-4166-9090-73ae48ac8d97,GIF,science,
11,46fb701d-6c26-458e-ada3-2ebe5dbba01f,4fe1900d-5e78-41a3-88ed-18e6889c6c77,audio,public speaking,https://socialbuzz.cdn.com/content/storage/46fb701d-6c26-458e-ada3-2ebe5dbba01f
12,0be59876-d70c-486c-8e0b-a06bef7a2cd6,72d2587e-8fae-4626-a73d-352e6465ba0f,GIF,tennis,https://socialbuzz.cdn.com/content/storage/0be59876-d70c-486c-8e0b-a06bef7a2cd6
13,81abd65a-3b76-4574-a0a7-db6bf7184ae2,4793cc6d-be60-42cc-bfd4-7ce8fd4d0eab,video,food,https://socialbuzz.cdn.com/content/storage/81abd65a-3b76-4574-a0a7-db6bf7184ae2
14,e6ee2244-9382-49a9-8cbf-fa54aaaa2392,740a4abd-187d-4783-990b-161c52fb5f86,audio,travel,https://socialbuzz.cdn.com/content/storage/e6ee2244-9382-49a9-8cbf-fa54aaaa2392
15,7ffd0a82-4a0a-4527-a4d6-e251b756bac7,425b7021-0409-4358-af39-2bff14197d0a,GIF,fitness,
16,f332d362-dc48-46c2-a64b-641157c0987e,05782669-264e-4c14-990e-14c8dbb13bef,GIF,soccer,https://socialbuzz.cdn.com/content/storage/f332d362-dc48-46c2-a64b-641157c0987e
17,a2e93b29-9259-4092-a4d7-62d5e823bb74,d0ea9a00-4ea9-4c81-b16a-a20b72f824ea,video,public speaking,https://socialbuzz.cdn.com/content/storage/a2e93b29-9259-4092-a4d7-62d5e823bb74
18,9b3a6d30-48e8-476c-82be-9031524bd04d,3d13e0d3-e765-4065-9221-3f864689b9e0,video,food,https://socialbuzz.cdn.com/content/storage/9b3a6d30-48e8-476c-82be-9031524bd04d
19,850fe90d-47d6-4eb7-b9c8-810afcb99ce9,a90c3ed2-7c64-47c3-9da5-b10d05f6f9f2,video,tennis,https://socialbuzz.cdn.com/content/storage/850fe90d-47d6-4eb7-b9c8-810afcb99ce9
20,baa2db00-81ba-4c34-b17d-dd950bfa133b,2f112802-2501-45b5-a9d9-470cda6ef23e,GIF,soccer,
21,f98dde71-ce1d-4f6c-bb05-ae05779d2207,11f207c2-0113-47e5-aa9a-df2c7b91ac75,GIF,soccer,https://socialbuzz.cdn.com/content/storage/f98dde71-ce1d-4f6c-bb05-ae05779d2207
22,388bd9db-9d10-4f47-87c4-6db46e83bc95,76cb4dbe-7748-49ab-8179-6e3f3b840dd6,video,education,https://socialbuzz.cdn.com/content/storage/388bd9db-9d10-4f47-87c4-6db46e83bc95
23,78d0075f-895c-4a15-a35c-a921e2bb2cea,34fcadd6-fa9b-4404-981a-c70c86cde556,photo,studying,https://socialbuzz.cdn.com/content/storage/78d0075f-895c-4a15-a35c-a921e2bb2cea
24,bda0b065-7f8b-4d52-b7e9-fcc375cdab08,7719b807-bf22-4b36-8f69-44d9a87d239b,photo,travel,https://socialbuzz.cdn.com/content/storage/bda0b065-7f8b-4d52-b7e9-fcc375cdab08
25,a4067fb5-3ba8-4f97-87c2-ddad5e4029c2,e2377b94-f06a-49ed-a266-377c4b07e980,GIF,food,
26,809b41e3-7a6f-4d80-84bf-f8d7b0e2d0e1,10f311c3-f547-4260-8c0e-a155008b7936,audio,dogs,https://socialbuzz.cdn.com/content/storage/809b41e3-7a6f-4d80-84bf-f8d7b0e2d0e1
27,34a3747a-0b77-42f6-ae19-87c38b94b674,5b62e10e-3c19-4d28-a57c-e9bdc3d6758d,GIF,science,https://socialbuzz.cdn.com/content/storage/34a3747a-0b77-42f6-ae19-87c38b94b674
28,2920dccb-e06f-49fc-8049-b6d4164dfe84,f8926cfa-7036-4929-b5db-925c26daea1a,GIF,veganism,https://socialbuzz.cdn.com/content/storage/2920dccb-e06f-49fc-8049-b6d4164dfe84
29,f4e3840e-bb71-40c2-afc5-9408d842646d,d9aab962-e964-4afd-83ee-abda0865da67,photo,healthy eating,https://socialbuzz.cdn.com/content/storage/f4e3840e-bb71-40c2-afc5-9408d842646d
30,a2ff9bf2-1fa6-4001-9566-f597f8e754ef,f0ef81ec-85b1-4475-ae60-aa7d373088aa,video,food,
31,74718bbf-e5a3-442f-8ca2-4a3428757fc1,e2377b94-f06a-49ed-a266-377c4b07e980,video,dogs,https://socialbuzz.cdn.com/content/storage/74718bbf-e5a3-442f-8ca2-4a3428757fc1
32,89fd8f89-807f-4076-b7e7-84db361e11c1,0c347562-ce55-450b-91ab-0707662b36f5,audio,studying,https://socialbuzz.cdn.com/content/storage/89fd8f89-807f-4076-b7e7-84db361e11c1
33,02fa1c4f-722d-46d2-a85e-e5b136b5f3bc,568e7c6f-b1e9-4a85-897c-aaaaa0ce8832,video,cooking,https://socialbuzz.cdn.com/content/storage/02fa1c4f-722d-46d2-a85e-e5b136b5f3bc
34,eec5e521-4c28-4e8a-93a9-d544803fad7e,cad2d54d-9555-4dfe-bfcd-7a584895a002,audio,food,https://socialbuzz.cdn.com/content/storage/eec5e521-4c28-4e8a-93a9-d544803fad7e
35,07f88a73-aef2-45fd-8b5d-418e448b853d,18c56602-937e-4ff3-bc6c-43f0b14212ca,GIF,Animals,
36,49367a0f-1fd5-4417-a7c9-4a154e1ae0ad,3eb6dad3-c017-4e77-8920-fbdea84b0acc,photo,technology,https://socialbuzz.cdn.com/content/storage/49367a0f-1fd5-4417-a7c9-4a154e1ae0ad
37,457301ee-3e87-40d8-8b82-ea4e1fa90e39,bec3a622-1373-49c2-9d57-e0281c34f5cf,GIF,healthy eating,https://socialbuzz.cdn.com/content/storage/457301ee-3e87-40d8-8b82-ea4e1fa90e39
38,4fa14453-7b29-4302-b51f-9aa23b472c1b,8c9c5ee7-9c8c-4842-bbd1-1d1e51da8164,audio,animals,https://socialbuzz.cdn.com/content/storage/4fa14453-7b29-4302-b51f-9aa23b472c1b
39,16757b80-2803-4464-b5d7-e372d8d77337,3e65775b-36e4-495d-9c45-28127fb3da5f,GIF,technology,https://socialbuzz.cdn.com/content/storage/16757b80-2803-4464-b5d7-e372d8d77337
40,ab4c4756-1c50-4136-bad9-3216e01ffac2,bfe23c39-f814-4282-b0f7-506cd8295b8a,audio,fitness,
41,4478d98e-43e8-4dc0-884d-c1115aa8b970,d6204684-926d-41db-ae9c-a7bf2e76313a,audio,animals,https://socialbuzz.cdn.com/content/storage/4478d98e-43e8-4dc0-884d-c1115aa8b970
42,34f73132-fff6-4f01-a5ec-4b4b66461fc7,948f7e9d-49bb-4770-bc9d-cb3fb65cca15,photo,fitness,https://socialbuzz.cdn.com/content/storage/34f73132-fff6-4f01-a5ec-4b4b66461fc7
43,bfa4e11c-9d72-49b9-bd43-49d95c2e5181,f9775602-43ab-4d54-ad93-7c9a489879bc,photo,veganism,https://socialbuzz.cdn.com/content/storage/bfa4e11c-9d72-49b9-bd43-49d95c2e5181
44,220d9dc1-f8a5-422d-b200-3819f3b89b2b,26c9a1fc-78b0-460b-8931-cec1dc87aa0d,video,dogs,https://socialbuzz.cdn.com/content/storage/220d9dc1-f8a5-422d-b200-3819f3b89b2b
45,ea1afba2-c0a8-4d0f-ac64-91fd7a126bbc,49da0743-cb4d-4c84-b6a2-537bbe7256d1,GIF,healthy eating,
46,18b4da8a-5f22-4dbe-b2af-c9013581cdd9,b6d04982-1509-41ab-a700-b390d6cb4d02,GIF,studying,https://socialbuzz.cdn.com/content/storage/18b4da8a-5f22-4dbe-b2af-c9013581cdd9
47,259cd56f-b017-4a41-81a7-f26ce9b35092,b870b764-7447-4990-a8d4-024d33e0e67d,video,culture,https://socialbuzz.cdn.com/content/storage/259cd56f-b017-4a41-81a7-f26ce9b35092
48,14ed7f7b-2c96-4458-8a39-606c25c14180,7918d465-0953-4f20-9e28-539e74c82e2f,video,tennis,https://socialbuzz.cdn.com/content/storage/14ed7f7b-2c96-4458-8a39-606c25c14180
49,c01fa154-5348-4040-9d20-0bbf01f6349b,69532ce2-1ffe-4187-8042-0230d115b24e,GIF,tennis,https://socialbuzz.cdn.com/content/storage/c01fa154-5348-4040-9d20-0bbf01f6349b
50,2d949603-6676-4402-900b-2c2c78315ea0,4baf648a-0ad5-412d-8250-5a0ff9289fbf,audio,"""culture""",
51,50c9237a-541c-4f10-a2be-7cbe076b2012,e79a2e98-57b4-4469-8da4-87f338460d42,GIF,travel,https://socialbuzz.cdn.com/content/storage/50c9237a-541c-4f10-a2be-7cbe076b2012
52,5ecd7f9d-4184-4836-b1c5-f03e131ba0a7,77a7b81e-96f7-4e5a-92c7-5b07f7333913,video,science,https://socialbuzz.cdn.com/content/storage/5ecd7f9d-4184-4836-b1c5-f03e131ba0a7
53,e442899c-d2d6-4392-be2d-a0b916ae47fb,c07fd88f-9e7b-47eb-8477-8fcbffb7c5c8,video,technology,https://socialbuzz.cdn.com/content/storage/e442899c-d2d6-4392-be2d-a0b916ae47fb
54,daab7b1a-fc8d-473e-bbf3-b29f4185ae56,80e03bc0-fc8f-475b-a4dd-870844b7a313,video,science,https://socialbuzz.cdn.com/content/storage/daab7b1a-fc8d-473e-bbf3-b29f4185ae56
55,82145a60-013e-4d96-81a5-399af8618158,2ad548cd-a899-4992-972b-92cde9cea8f1,audio,food,
56,d852b946-01e1-44fe-abd7-26198660cbdb,242a3620-fc18-4120-ac72-37b0f3716879,GIF,food,https://socialbuzz.cdn.com/content/storage/d852b946-01e1-44fe-abd7-26198660cbdb
57,9dd95c34-8b39-4776-a232-412512329c3f,a6133f47-5586-434e-8be1-1e7122db1c0e,audio,fitness,https://socialbuzz.cdn.com/content/storage/9dd95c34-8b39-4776-a232-412512329c3f
58,c59e27e9-0439-4699-8ea0-5e93f662a05d,fe15963d-0a77-4247-9bc6-04e146b826b2,GIF,fitness,https://socialbuzz.cdn.com/content/storage/c59e27e9-0439-4699-8ea0-5e93f662a05d
59,78713905-362f-4a87-9671-adab5f1e0e67,15e325b1-c221-4bf8-8010-18d76b03646e,audio,dogs,https://socialbuzz.cdn.com/content/storage/78713905-362f-4a87-9671-adab5f1e0e67
60,87349e5b-eda4-4ae6-94d7-c42b9c5f03e9,8fe167eb-3c69-459a-b32d-b030b942eab4,GIF,healthy eating,
61,5fbbdd47-e1ca-4cd4-bb24-dd0eb03f99b0,6ecb39b1-8f85-44f1-b2f3-0cffcba4d731,video,culture,https://socialbuzz.cdn.com/content/storage/5fbbdd47-e1ca-4cd4-bb24-dd0eb03f99b0
62,ac1c59df-2803-4cf4-8ec0-fe6bd1f9ea44,f3eb7ee0-7788-43a0-9686-1c399260b17e,GIF,soccer,https://socialbuzz.cdn.com/content/storage/ac1c59df-2803-4cf4-8ec0-fe6bd1f9ea44
63,026973ef-4b73-4901-9160-bc9e04516057,4eed2f45-f040-4995-a60f-472af1ff379a,audio,culture,https://socialbuzz.cdn.com/content/storage/026973ef-4b73-4901-9160-bc9e04516057
64,f08bdab2-b888-484e-8fd9-919e6ed86c12,3956593b-7739-426a-b7a5-e841c95a5df9,audio,education,https://socialbuzz.cdn.com/content/storage/f08bdab2-b888-484e-8fd9-919e6ed86c12
65,a55b215b-06c5-4ef3-ac14-7e1569c3ad2e,1e571af5-1796-424c-b744-a925897d44a3,GIF,education,
66,258bb775-3c35-4eec-90f3-8b75a52e466a,ab9a4d70-3ae4-48d6-b161-c18bd687c3b4,photo,education,https://socialbuzz.cdn.com/content/storage/258bb775-3c35-4eec-90f3-8b75a52e466a
67,8d32243c-2dd1-4128-bde1-d643207e582c,ef56931b-540b-4166-9090-73ae48ac8d97,photo,studying,https://socialbuzz.cdn.com/content/storage/8d32243c-2dd1-4128-bde1-d643207e582c
68,e2c433d2-096e-484e-8c69-28f0bb69f3b7,7adafb3c-7c7c-492b-be5b-5ddd9ff1316a,audio,science,https://socialbuzz.cdn.com/content/storage/e2c433d2-096e-484e-8c69-28f0bb69f3b7
69,3d8fffab-6107-4d7b-9485-c610e233c91c,9a84c667-c913-47ce-be69-0f847dbfe0db,photo,studying,https://socialbuzz.cdn.com/content/storage/3d8fffab-6107-4d7b-9485-c610e233c91c
70,409aa11d-5af3-4a70-9da1-482857f5835e,7000ac2e-87a0-4e23-b342-5f150e03f9ef,GIF,Fitness,
71,aa9ea032-0fea-42c3-88d9-666685d4b32b,1879b698-1639-438e-a07e-ddd735f8d57c,GIF,veganism,https://socialbuzz.cdn.com/content/storage/aa9ea032-0fea-42c3-88d9-666685d4b32b
72,eaddee3e-3a23-47cd-9785-ab7f2120a293,31cfc138-cec0-4176-bd6d-79c4cadbb1d4,video,science,https://socialbuzz.cdn.com/content/storage/eaddee3e-3a23-47cd-9785-ab7f2120a293
73,9ef39aa2-60f9-4e4b-b666-c6cb97015503,dcc6000c-ba92-472c-8bc1-9e9ca30b475b,GIF,travel,https://socialbuzz.cdn.com/content/storage/9ef39aa2-60f9-4e4b-b666-c6cb97015503
74,841403fd-321b-4118-90b3-cc0075d64047,1e6db00c-22dd-4ae9-80e3-95f7a88b18b8,GIF,studying,https://socialbuzz.cdn.com/content/storage/841403fd-321b-4118-90b3-cc0075d64047
75,3724de8a-ec2f-4021-a3f1-605d551da9d0,72d2587e-8fae-4626-a73d-352e6465ba0f,video,culture,
76,2d0926be-9a29-4e6c-b342-815c70172214,7a85fbc6-253f-4552-9f4a-c1a332e14fa5,GIF,animals,https://socialbuzz.cdn.com/content/storage/2d0926be-9a29-4e6c-b342-815c70172214
77,dcaa5091-1246-4d3c-aed8-dcd8e1da69cc,f11e8adf-a550-4e7a-ab81-dbccd952dff8,photo,science,https://socialbuzz.cdn.com/content/storage/dcaa5091-1246-4d3c-aed8-dcd8e1da69cc
78,0491183b-be25-4108-b667-8c30d3cdbf50,72d2587e-8fae-4626-a73d-352e6465ba0f,audio,veganism,https://socialbuzz.cdn.com/content/storage/0491183b-be25-4108-b667-8c30d3cdbf50
79,359b93ea-446f-4202-8801-db238de5de4d,de39bbda-66a8-4c52-835a-7a104cf7f081,photo,food,https://socialbuzz.cdn.com/content/storage/359b93ea-446f-4202-8801-db238de5de4d
80,0adb9a94-210a-4e84-bca1-13db9452ff0e,f3eb7ee0-7788-43a0-9686-1c399260b17e,video,healthy eating,
81,3c510b35-43e2-4e84-a805-86c5ebddc4cf,a559688e-3f10-436f-a25e-8ad553eacb89,audio,studying,https://socialbuzz.cdn.com/content/storage/3c510b35-43e2-4e84-a805-86c5ebddc4cf
82,86346263-02db-4020-a216-9e54f502f643,bfe23c39-f814-4282-b0f7-506cd8295b8a,GIF,travel,https://socialbuzz.cdn.com/content/storage/86346263-02db-4020-a216-9e54f502f643
83,3dfdcf9c-aaa4-41ea-9a7c-b3ba09103467,a1a9c0bd-785a-478f-a19e-9eb48fae0bd6,GIF,fitness,https://socialbuzz.cdn.com/content/storage/3dfdcf9c-aaa4-41ea-9a7c-b3ba09103467
84,3529c44b-d0f4-4bd2-b6eb-be97d2f7623f,d47fd6cf-20fa-45fe-97a1-b8aca043c9a8,photo,studying,https://socialbuzz.cdn.com/content/storage/3529c44b-d0f4-4bd2-b6eb-be97d2f7623f
85,45dbce0a-dbd8-4c4d-a492-4f5b84850d5c,ed5e1675-94a8-482c-8b43-1b9bb71d0495,video,dogs,
86,c4f59a1e-3198-4968-b062-9e9fcc41403f,f46eee2a-6024-4046-a6f4-5232366edb87,GIF,veganism,https://socialbuzz.cdn.com/content/storage/c4f59a1e-3198-4968-b062-9e9fcc41403f
87,9d94f180-947c-40f5-aa05-f1958759b7fc,f8926cfa-7036-4929-b5db-925c26daea1a,video,science,https://socialbuzz.cdn.com/content/storage/9d94f180-947c-40f5-aa05-f1958759b7fc
88,6ef45d36-cd14-428c-b5cf-ad2f06371c6e,04e52602-e370-4a99-bfda-f0c1655058da,GIF,cooking,https://socialbuzz.cdn.com/content/storage/6ef45d36-cd14-428c-b5cf-ad2f06371c6e
89,497da46d-d5d5-45b0-827a-f2b75d7bf4c2,7bf3ce80-784e-42a0-b06a-dbbd1e31a9b7,photo,culture,https://socialbuzz.cdn.com/content/storage/497da46d-d5d5-45b0-827a-f2b75d7bf4c2
90,da527dd0-4b7d-40a2-9fc6-89ef7c91fd87,95023c1b-04b7-4efd-ab34-61a4a70bb9d8,GIF,culture,
91,fada6910-2cc5-4600-808c-1e6066f795a6,05782669-264e-4c14-990e-14c8dbb13bef,GIF,technology,https://socialbuzz.cdn.com/content/storage/fada6910-2cc5-4600-808c-1e6066f795a6
92,be85274a-28f1-4c6d-9ea1-7b20d1e0c66f,b6fd2140-f8b9-498a-a07f-0dc9986736c6,photo,culture,https://socialbuzz.cdn.com/content/storage/be85274a-28f1-4c6d-9ea1-7b20d1e0c66f
93,b1ba68bc-fa4c-4a36-98a1-4d4a381ef873,20d507a0-fdba-4c04-a30c-bd18273accdc,video,animals,https://socialbuzz.cdn.com/content/storage/b1ba68bc-fa4c-4a36-98a1-4d4a381ef873
94,1de2f0f9-61ab-43fb-9180-6870824c63c0,084eb113-0d87-4ae5-891b-2ec7f1e194a8,GIF,science,https://socialbuzz.cdn.com/content/storage/1de2f0f9-61ab-43fb-9180-6870824c63c0
95,e18e10e9-ed2a-494b-b215-edce890b1df4,57617bf3-b7d0-49cb-8d88-7d8346656397,photo,food,
96,c2d6e707-f00e-4fa4-a193-eb36272f58df,c924f935-cff8-45c0-b4b7-5ed2c6cdaac8,GIF,veganism,https://socialbuzz.cdn.com/content/storage/c2d6e707-f00e-4fa4-a193-eb36272f58df
97,af7971aa-5fd5-41d3-b6c3-583704a705a2,a90c3ed2-7c64-47c3-9da5-b10d05f6f9f2,video,healthy eating,https://socialbuzz.cdn.com/content/storage/af7971aa-5fd5-41d3-b6c3-583704a705a2
98,6d6cf6a3-4187-44ec-af28-91c99b584bcf,8c9c5ee7-9c8c-4842-bbd1-1d1e51da8164,video,veganism,https://socialbuzz.cdn.com/content/storage/6d6cf6a3-4187-44ec-af28-91c99b584bcf
99,5d8dbd6f-cc78-4f7a-a65c-cd9dde481dd0,49da0743-cb4d-4c84-b6a2-537bbe7256d1,video,healthy eating,https://socialbuzz.cdn.com/content/storage/5d8dbd6f-cc78-4f7a-a65c-cd9dde481dd0
100,c8b044a9-8427-4b41-bc61-7b549ab1626c,64b33556-9ecf-4ebc-8b4c-f829ab1a4881,photo,"""studying""",
101,cd568dd1-70cf-45d6-b495-10eebff8c920,8dda1a41-9e57-4944-bd36-18c0ac343b13,photo,dogs,https://socialbuzz.cdn.com/content/storage/cd568dd1-70cf-45d6-b495-10eebff8c920
102,72822fb8-8a40-4cf1-a86a-42140b3bf9f3,9a84c667-c913-47ce-be69-0f847dbfe0db,photo,travel,https://socialbuzz.cdn.com/content/storage/72822fb8-8a40-4cf1-a86a-42140b3bf9f3
103,ef99fd68-74fb-4c72-bc70-742ebca14499,3d13e0d3-e765-4065-9221-3f864689b9e0,video,soccer,https://socialbuzz.cdn.com/content/storage/ef99fd68-74fb-4c72-bc70-742ebca14499
104,d147ab3c-4097-4eec-b4dc-480e4ece801b,95023c1b-04b7-4efd-ab34-61a4a70bb9d8,audio,culture,https://socialbuzz.cdn.com/content/storage/d147ab3c-4097-4eec-b4dc-480e4ece801b
105,62681a6c-fe82-4186-ba7d-0805ae5b95ed,dcc6000c-ba92-472c-8bc1-9e9ca30b475b,audio,Veganism,
106,ec8e2d25-5730-4753-a0a2-d1ed41e23623,05782669-264e-4c14-990e-14c8dbb13bef,video,healthy eating,https://socialbuzz.cdn.com/content/storage/ec8e2d25-5730-4753-a0a2-d1ed41e23623
107,67f2a150-6086-4cbd-8d21-46250ccef5a2,5897490a-0aaa-49c9-b63e-0da83088e3e0,GIF,cooking,https://socialbuzz.cdn.com/content/storage/67f2a150-6086-4cbd-8d21-46250ccef5a2
108,65545cfb-59bb-4dc1-a38b-82f268210da2,c76c3393-88e2-47b0-ac37-dc4f2053f5a5,audio,technology,https://socialbuzz.cdn.com/content/storage/65545cfb-59bb-4dc1-a38b-82f268210da2
109,433607b3-eeb4-48b8-9263-9805c1b89d55,683d880b-3ccf-4f4d-8182-96e7a7a884bd,video,education,https://socialbuzz.cdn.com/content/storage/433607b3-eeb4-48b8-9263-9805c1b89d55
110,0f1fce4d-78a3-4e0e-8a7b-ebd5f97c305e,ad9f5c2f-aa30-4baf-b084-56b1a4b63b09,photo,dogs,
111,1000371f-7758-4c44-a1bc-41fd836b0bcb,2941011b-f214-4430-8a14-e791ed0805bb,audio,studying,https://socialbuzz.cdn.com/content/storage/1000371f-7758-4c44-a1bc-41fd836b0bcb
112,5a5bf39d-1bfd-43f9-b304-ea8fbaaa3528,85a3acae-0e71-49f4-a6ee-13d3df1f4962,video,studying,https://socialbuzz.cdn.com/content/storage/5a5bf39d-1bfd-43f9-b304-ea8fbaaa3528
113,8e3896e3-2f84-4b47-9365-fb562c9ed730,cf34e8ee-f508-47bc-baa1-bcc576e1084d,video,public speaking,https://socialbuzz.cdn.com/content/storage/8e3896e3-2f84-4b47-9365-fb562c9ed730
114,de9796a6-d19d-4c41-a965-7aa4dcc69fee,98411adf-cfc0-400d-aac8-e215571ef3f2,audio,technology,https://socialbuzz.cdn.com/content/storage/de9796a6-d19d-4c41-a965-7aa4dcc69fee
115,e4466189-0b96-4cc4-9d7d-d0f27b982548,bbe8f83c-af9c-4dab-b5fa-7925822e450d,GIF,education,
116,391a9aa4-c04a-431e-8366-712d92267c2b,1bcc3c26-e82e-40f4-9d16-3311c8c1ddf6,video,public speaking,https://socialbuzz.cdn.com/content/storage/391a9aa4-c04a-431e-8366-712d92267c2b
117,e8edf506-36c9-43a7-a685-8b9f6467e4f9,92c3576c-8634-42a8-8005-6e1ff8c207e8,video,studying,https://socialbuzz.cdn.com/content/storage/e8edf506-36c9-43a7-a685-8b9f6467e4f9
118,36d36f19-7a10-4d7d-a3ab-a3f2cbbfcf4a,69532ce2-1ffe-4187-8042-0230d115b24e,photo,food,https://socialbuzz.cdn.com/content/storage/36d36f19-7a10-4d7d-a3ab-a3f2cbbfcf4a
119,c7066a17-2e12-49d2-bb9e-c8967051f490,acbac577-54c9-4476-af3c-a3241a3f4a19,GIF,public speaking,https://socialbuzz.cdn.com/content/storage/c7066a17-2e12-49d2-bb9e-c8967051f490
120,f01ec49c-3179-43bb-b127-2b1a73f34b06,6e98e5c2-b7d7-4915-bb20-d01a42d29dee,photo,animals,
121,c6cbd704-9d4a-4ace-b61e-e5df74ee83af,4fe420fa-a193-4408-bd5d-62a020233609,photo,education,https://socialbuzz.cdn.com/content/storage/c6cbd704-9d4a-4ace-b61e-e5df74ee83af
122,eb6fc324-f85b-4bfb-b712-0a3eceb0b9d7,76a034b7-e163-4735-a15b-b0ff645ca627,GIF,soccer,https://socialbuzz.cdn.com/content/storage/eb6fc324-f85b-4bfb-b712-0a3eceb0b9d7
123,b6c24086-becf-4615-801e-c3c298a8d4e2,5b62e10e-3c19-4d28-a57c-e9bdc3d6758d,photo,travel,https://socialbuzz.cdn.com/content/storage/b6c24086-becf-4615-801e-c3c298a8d4e2
124,1beeffff-f261-435f-a109-6fafe46669d4,ade9db41-034e-4b27-befb-42117025dab0,photo,public speaking,https://socialbuzz.cdn.com/content/storage/1beeffff-f261-435f-a109-6fafe46669d4
125,61e6650c-5068-4575-9aee-4217ef3dbdb1,a81378a5-58de-4631-b2b1-3eca765f68c6,GIF,tennis,
126,3a7f83a0-b9f9-44c1-a15d-656c4095e732,d0ea9a00-4ea9-4c81-b16a-a20b72f824ea,GIF,soccer,https://socialbuzz.cdn.com/content/storage/3a7f83a0-b9f9-44c1-a15d-656c4095e732
127,2b6921de-e7f2-4e30-8feb-36bd41becaf0,ed1c744d-8561-4b41-b83c-7bf554fbca97,audio,travel,https://socialbuzz.cdn.com/content/storage/2b6921de-e7f2-4e30-8feb-36bd41becaf0
128,6efd3911-1705-49dc-aa7b-994ce83a7387,80c9ce48-46f9-4f5e-b3ca-3b698fc2e949,photo,fitness,https://socialbuzz.cdn.com/content/storage/6efd3911-1705-49dc-aa7b-994ce83a7387
129,b56a9e24-d0f2-4599-b893-c2889a15e1d6,094fbe49-da84-4445-9d28-7fc5f593f5ad,video,veganism,https://socialbuzz.cdn.com/content/storage/b56a9e24-d0f2-4599-b893-c2889a15e1d6
130,d706b190-216c-4103-9107-fb7304766d68,cad2d54d-9555-4dfe-bfcd-7a584895a002,video,cooking,
131,61b45c79-c23b-4bbd-a4fe-0bb3611486c7,a1a9c0bd-785a-478f-a19e-9eb48fae0bd6,audio,tennis,https://socialbuzz.cdn.com/content/storage/61b45c79-c23b-4bbd-a4fe-0bb3611486c7
132,2c511a63-5eb5-422f-8483-c9fcf9a29b55,007a1366-a46f-40f1-9ba5-01245aeaf20f,GIF,technology,https://socialbuzz.cdn.com/content/storage/2c511a63-5eb5-422f-8483-c9fcf9a29b55
133,edc4a60a-b5ba-4178-b99e-9d34ed92599c,57617bf3-b7d0-49cb-8d88-7d8346656397,audio,technology,https://socialbuzz.cdn.com/content/storage/edc4a60a-b5ba-4178-b99e-9d34ed92599c
134,2cbbdbf6-b34e-4fbb-bdc6-904e61f91ce7,7a85fbc6-253f-4552-9f4a-c1a332e14fa5,photo,animals,https://socialbuzz.cdn.com/content/storage/2cbbdbf6-b34e-4fbb-bdc6-904e61f91ce7
135,e51b00b8-49d4-4909-9f25-8e9a06e28728,e74edcea-5db4-4412-a4ce-eb7c5adc314a,video,soccer,
136,509a5fb0-9bb2-4809-9f90-18ae007acc94,64b82ed5-80dc-4fbb-9dfc-d7e037684f0e,video,dogs,https://socialbuzz.cdn.com/content/storage/509a5fb0-9bb2-4809-9f90-18ae007acc94
137,f1038e6c-5292-4e20-a866-675e1637d6b5,13f0db8a-152a-496f-a6e8-1ed6a90b8788,GIF,soccer,https://socialbuzz.cdn.com/content/storage/f1038e6c-5292-4e20-a866-675e1637d6b5
138,08cc29f3-a22d-4652-8f27-ff9e0a826289,248a8f9f-10ac-4786-adfb-d0c3dd4e4b97,photo,technology,https://socialbuzz.cdn.com/content/storage/08cc29f3-a22d-4652-8f27-ff9e0a826289
139,a784c1dd-e2ab-408d-a0c3-226a51d420e1,f86853a2-acda-4319-a50c-03f014248042,audio,technology,https://socialbuzz.cdn.com/content/storage/a784c1dd-e2ab-408d-a0c3-226a51d420e1
140,3a106d1f-3942-49d4-9358-417f33d760c6,6ecb39b1-8f85-44f1-b2f3-0cffcba4d731,photo,Fitness,
141,1830df30-c239-4287-8d63-fadcb8ced884,68724f58-bc4d-4ab0-a4e1-60cdd5e95e7d,video,veganism,https://socialbuzz.cdn.com/content/storage/1830df30-c239-4287-8d63-fadcb8ced884
142,5bb364a6-8646-4cdb-b1cf-09f4125718d8,d47fd6cf-20fa-45fe-97a1-b8aca043c9a8,audio,soccer,https://socialbuzz.cdn.com/content/storage/5bb364a6-8646-4cdb-b1cf-09f4125718d8
143,dd2f8912-9b97-40cb-ac5f-215f98d4d733,1f81cb56-5258-4f9e-ab2c-4dfb581b44cb,GIF,fitness,https://socialbuzz.cdn.com/content/storage/dd2f8912-9b97-40cb-ac5f-215f98d4d733
144,de95cdb1-a85a-40de-8467-892e2d1481af,8abcf667-7be3-439f-97bb-3375a3de366c,video,education,https://socialbuzz.cdn.com/content/storage/de95cdb1-a85a-40de-8467-892e2d1481af
145,e5f1a4c6-2b27-4c8b-ac9a-21bb6ef7c946,d27670c9-f85e-43e0-80a7-122cba908f10,audio,soccer,
146,6199f5ca-cc02-410d-a408-e034946de162,4baf648a-0ad5-412d-8250-5a0ff9289fbf,video,animals,https://socialbuzz.cdn.com/content/storage/6199f5ca-cc02-410d-a408-e034946de162
147,9fd8c6fc-1c8f-4a1d-86ec-cd1c71e044e1,33c1cee6-ae56-4f8e-84fc-ee0a4b7bbf4c,video,public speaking,https://socialbuzz.cdn.com/content/storage/9fd8c6fc-1c8f-4a1d-86ec-cd1c71e044e1
148,8490c29c-177f-4c21-9d37-d509f9287f30,c8145b49-3841-466e-9d49-a636ce2e7d1f,GIF,tennis,https://socialbuzz.cdn.com/content/storage/8490c29c-177f-4c21-9d37-d509f9287f30
149,bf8e2e7a-7a90-47f8-8dd6-01f8c6aa32ed,7bf3ce80-784e-42a0-b06a-dbbd1e31a9b7,video,science,https://socialbuzz.cdn.com/content/storage/bf8e2e7a-7a90-47f8-8dd6-01f8c6aa32ed
150,5651450a-d330-46e6-bac9-c7c7e7defaf2,bf721d00-4fa1-44b1-834f-4730cd51aefa,photo,"""animals""",
151,7c2e209e-acea-4246-a32d-636e2f2cc2c1,4c0558bc-b0d9-44b0-8b70-5fc6acb6c362,video,dogs,https://socialbuzz.cdn.com/content/storage/7c2e209e-acea-4246-a32d-636e2f2cc2c1
152,a72552ac-cad2-4707-8bc6-dea84a5ab72b,89d6bd9d-ce6b-42e5-bb9b-ece3b338396d,audio,studying,https://socialbuzz.cdn.com/content/storage/a72552ac-cad2-4707-8bc6-dea84a5ab72b
153,1bbdebad-2218-46fd-8afc-ddd9b4d56d97,c1e01541-7508-4712-a22c-0370f232a41e,photo,veganism,https://socialbuzz.cdn.com/content/storage/1bbdebad-2218-46fd-8afc-ddd9b4d56d97
154,2eb7feec-26a4-4949-8470-3e66c16536e9,a81df767-7da1-4844-b63c-fee4c9c7895d,video,tennis,https://socialbuzz.cdn.com/content/storage/2eb7feec-26a4-4949-8470-3e66c16536e9
155,0d3d0a35-f806-4536-8733-abf1f92763e2,a6f003be-b0fd-4100-b4cc-f568a21b9745,GIF,studying,
156,f783f128-6f66-4ef3-a190-5afc29d17012,cad2d54d-9555-4dfe-bfcd-7a584895a002,GIF,tennis,https://socialbuzz.cdn.com/content/storage/f783f128-6f66-4ef3-a190-5afc29d17012
157,7bb8c7ec-8d65-43e8-a9fb-ac01936b18cc,8abcf667-7be3-439f-97bb-3375a3de366c,video,cooking,https://socialbuzz.cdn.com/content/storage/7bb8c7ec-8d65-43e8-a9fb-ac01936b18cc
158,6e418568-a2b9-4d08-b241-06362c96a7f1,ab9a4d70-3ae4-48d6-b161-c18bd687c3b4,video,food,https://socialbuzz.cdn.com/content/storage/6e418568-a2b9-4d08-b241-06362c96a7f1
159,93c0f4f6-8c1e-453e-8df0-3015b1e76376,91bec0ab-a8d4-421e-b333-e511c7c6f9a0,video,technology,https://socialbuzz.cdn.com/content/storage/93c0f4f6-8c1e-453e-8df0-3015b1e76376
160,2893a837-3157-4bbd-918f-adc93b60480a,3d5f257e-556b-4e19-b127-977bc5c4daed,photo,healthy eating,
161,34123572-64b7-4f3d-b098-a2651d882fb2,6178d76a-af2e-4453-93ee-02ca23ed3fdc,video,dogs,https://socialbuzz.cdn.com/content/storage/34123572-64b7-4f3d-b098-a2651d882fb2
162,811834bf-44bf-47f3-ae30-e305591177d6,69fcad9e-45a9-4189-b7e1-96b26c57c542,GIF,animals,https://socialbuzz.cdn.com/content/storage/811834bf-44bf-47f3-ae30-e305591177d6
163,c6f6e0f3-9fae-4bf9-abb3-cd7248a51061,3954373b-2411-4d3a-98ba-03bafc1a1a6d,audio,culture,https://socialbuzz.cdn.com/content/storage/c6f6e0f3-9fae-4bf9-abb3-cd7248a51061
164,8f3cce80-d539-4f83-84f6-901e524c088e,4291e9a9-b4a8-42e1-b032-520b16f93888,video,travel,https://socialbuzz.cdn.com/content/storage/8f3cce80-d539-4f83-84f6-901e524c088e
165,27fffa3e-000d-4f29-9358-5b0d2280d18c,9664d628-9163-4aae-94e0-311f3bdb2f11,video,dogs,
166,3c092e34-bac9-4e63-a7fa-0608fb73914f,054b5d2a-7ee3-49c8-912a-1cf58389ae60,video,soccer,https://socialbuzz.cdn.com/content/storage/3c092e34-bac9-4e63-a7fa-0608fb73914f
167,413101f7-ea05-4df6-97cf-9891245c5ed7,0828c4e1-63ec-4121-aa07-eefd37954bb9,photo,science,https://socialbuzz.cdn.com/content/storage/413101f7-ea05-4df6-97cf-9891245c5ed7
168,6be333ca-7797-41a5-9a2d-e198037d30ed,1e571af5-1796-424c-b744-a925897d44a3,audio,food,https://socialbuzz.cdn.com/content/storage/6be333ca-7797-41a5-9a2d-e198037d30ed
169,c136ae25-d882-4e2c-b515-5727ad2626a5,b841358a-d8ff-412e-b940-3a95fd31291b,photo,soccer,https://socialbuzz.cdn.com/content/storage/c136ae25-d882-4e2c-b515-5727ad2626a5
170,bd810ca4-54cf-420e-afec-0214b870672e,c1e01541-7508-4712-a22c-0370f232a41e,photo,technology,
171,ba9ce407-672c-4ceb-9c1f-59590fd187d0,3eb6dad3-c017-4e77-8920-fbdea84b0acc,audio,fitness,https://socialbuzz.cdn.com/content/storage/ba9ce407-672c-4ceb-9c1f-59590fd187d0
172,fa781e01-b928-401f-86f4-d42b0a3b55ab,3956593b-7739-426a-b7a5-e841c95a5df9,photo,studying,https://socialbuzz.cdn.com/content/storage/fa781e01-b928-401f-86f4-d42b0a3b55ab
173,43e53b12-71cb-4aad-9cb7-8c3572053230,3e65775b-36e4-495d-9c45-28127fb3da5f,audio,fitness,https://socialbuzz.cdn.com/content/storage/43e53b12-71cb-4aad-9cb7-8c3572053230
174,a58c963f-1bec-4eee-b66f-60062a9dd96e,da97952a-2eba-46c4-a19e-3df3c40a1524,video,dogs,https://socialbuzz.cdn.com/content/storage/a58c963f-1bec-4eee-b66f-60062a9dd96e
175,2c0e1f1e-1af8-45b6-b8f2-9714358dd2ad,31ff6616-c1dc-4b9a-8091-0b4d0cac25b1,audio,Travel,
176,748ab616-8066-4c61-b6af-d7442545d12a,a8d09ab9-44c6-493c-afdf-93888822a4b0,audio,veganism,https://socialbuzz.cdn.com/content/storage/748ab616-8066-4c61-b6af-d7442545d12a
177,e0fe9c2b-0e5f-46b3-bb4a-f68bf569e867,542041fb-f361-4353-b0f0-442c1585317a,video,science,https://socialbuzz.cdn.com/content/storage/e0fe9c2b-0e5f-46b3-bb4a-f68bf569e867
178,734c0b94-6729-44ef-af97-90a3a51a466c,3455a646-398f-4b16-b19a-1371cdb2e048,video,travel,https://socialbuzz.cdn.com/content/storage/734c0b94-6729-44ef-af97-90a3a51a466c
179,43da458b-66fe-4723-996c-57dcfad67edf,b0d6f088-ee97-4087-aeb1-4957f24a5f4d,GIF,food,https://socialbuzz.cdn.com/content/storage/43da458b-66fe-4723-996c-57dcfad67edf
180,3d02ae44-c8f2-4d2d-a64c-9355a4f46430,18421d97-6f86-4d21-a7b1-dcc57dd8be76,GIF,fitness,
181,7dc268e5-b50d-4280-82aa-e08af75a8a0a,6178d76a-af2e-4453-93ee-02ca23ed3fdc,photo,science,https://socialbuzz.cdn.com/content/storage/7dc268e5-b50d-4280-82aa-e08af75a8a0a
182,d0e55134-c60e-4a05-999c-d7697b4901f0,cf34e8ee-f508-47bc-baa1-bcc576e1084d,GIF,cooking,https://socialbuzz.cdn.com/content/storage/d0e55134-c60e-4a05-999c-d7697b4901f0
183,ebdf5d36-9ecc-44d7-b641-d33805709452,948f7e9d-49bb-4770-bc9d-cb3fb65cca15,audio,cooking,https://socialbuzz.cdn.com/content/storage/ebdf5d36-9ecc-44d7-b641-d33805709452
184,1429467d-e8a2-4292-bd46-921e8bd87b30,c924f935-cff8-45c0-b4b7-5ed2c6cdaac8,video,public speaking,https://socialbuzz.cdn.com/content/storage/1429467d-e8a2-4292-bd46-921e8bd87b30
185,f0d1b3ed-f1dd-4a09-b17a-b0f241932fbb,8f41c07f-db4f-44f3-ae81-1f99cee047eb,audio,studying,
186,7d459555-a816-4d20-893c-a002e0a74ce3,4edc3d1a-a7d9-4db6-89c3-f784d9954172,audio,healthy eating,https://socialbuzz.cdn.com/content/storage/7d459555-a816-4d20-893c-a002e0a74ce3
187,e6b61eab-6879-4618-b189-476f27f02fdd,26c6734f-42b6-48f8-a08e-e1c3a79019d0,audio,science,https://socialbuzz.cdn.com/content/storage/e6b61eab-6879-4618-b189-476f27f02fdd
188,d16d21cd-30c7-4b1e-b50c-aff5808fe816,5ffd8b51-164e-47e2-885e-8b8c46eb63ed,photo,fitness,https://socialbuzz.cdn.com/content/storage/d16d21cd-30c7-4b1e-b50c-aff5808fe816
189,27ec2b21-a749-4181-b182-150a174fc277,bec3a622-1373-49c2-9d57-e0281c34f5cf,GIF,animals,https://socialbuzz.cdn.com/content/storage/27ec2b21-a749-4181-b182-150a174fc277
190,8bcb980c-6f36-484d-974f-30b3e8fcc251,0f1f6aef-b094-4b4d-b6b6-412ebc42c12b,photo,travel,
191,bac28166-5b8d-4f5d-88da-8c8f9a1c3f5b,f9ecf6a2-8402-43b3-bf22-8cd54394ea02,video,food,https://socialbuzz.cdn.com/content/storage/bac28166-5b8d-4f5d-88da-8c8f9a1c3f5b
192,1f466010-5c87-4b81-be83-5856481231fb,324e384a-9963-4d17-94aa-21859ea85062,GIF,soccer,https://socialbuzz.cdn.com/content/storage/1f466010-5c87-4b81-be83-5856481231fb
193,496645a7-64f7-4c56-94f5-a71671cb262e,9a5c1dcc-d26b-4303-b487-3075e7d34e02,GIF,dogs,https://socialbuzz.cdn.com/content/storage/496645a7-64f7-4c56-94f5-a71671cb262e
194,d6d4ec49-4210-44de-9f90-c93dfbeed084,23483ddd-e43e-4c5f-a1b7-5392410aa8d1,video,tennis,https://socialbuzz.cdn.com/content/storage/d6d4ec49-4210-44de-9f90-c93dfbeed084
195,229d5bad-c1e4-439c-8978-0efdcdfea4d1,47def058-01cc-478f-9830-eaddcccac633,audio,food,
196,80d4bec9-6441-41a2-be74-0eec3e5317ef,41cd692a-be3c-4acd-a2c8-184586bdc180,video,tennis,https://socialbuzz.cdn.com/content/storage/80d4bec9-6441-41a2-be74-0eec3e5317ef
197,457d54ed-e0bf-4574-80e3-561c1bbc4d3e,caa8605b-5cd3-49d0-a680-2a6e9f3bf0a5,GIF,science,https://socialbuzz.cdn.com/content/storage/457d54ed-e0bf-4574-80e3-561c1bbc4d3e
198,57a8bb62-a264-42d4-a1b0-6e4c0f859a5e,1add9169-fda0-4da2-82a0-4de3bf7ed8ca,audio,cooking,https://socialbuzz.cdn.com/content/storage/57a8bb62-a264-42d4-a1b0-6e4c0f859a5e
199,ff883828-a610-492d-8635-8a777eaad25f,ded166ee-173b-4a56-bc6d-464c35709670,photo,education,https://socialbuzz.cdn.com/content/storage/ff883828-a610-492d-8635-8a777eaad25f
200,48a824bf-e495-4333-8acf-c800947ec2cd,69fcad9e-45a9-4189-b7e1-96b26c57c542,audio,"""soccer""",
201,2019333d-2b9c-4a22-904c-d1f1aa9c68bb,98411adf-cfc0-400d-aac8-e215571ef3f2,GIF,food,https://socialbuzz.cdn.com/content/storage/2019333d-2b9c-4a22-904c-d1f1aa9c68bb
202,88d65e30-7ca0-4f32-a020-45c4cb3d9632,2dd186bb-7a28-4e80-99c7-f1936afc7b49,audio,travel,https://socialbuzz.cdn.com/content/storage/88d65e30-7ca0-4f32-a020-45c4cb3d9632
203,05776481-7b58-46d8-abf6-bf4de7831287,57617bf3-b7d0-49cb-8d88-7d8346656397,audio,travel,https://socialbuzz.cdn.com/content/storage/05776481-7b58-46d8-abf6-bf4de7831287
204,323c35ed-081f-4efd-8bd6-ce5208ceb0ed,e74edcea-5db4-4412-a4ce-eb7c5adc314a,GIF,animals,https://socialbuzz.cdn.com/content/storage/323c35ed-081f-4efd-8bd6-ce5208ceb0ed
205,8b51c05c-a8a2-4a6c-b031-165fb7bac840,66663a0d-856f-487f-a2a2-258af21ab3e5,video,dogs,
206,58059956-4cde-4671-9baf-904851731540,1582dac6-ebec-43ed-a34a-1a202ca72627,audio,education,https://socialbuzz.cdn.com/content/storage/58059956-4cde-4671-9baf-904851731540
207,a429d355-8983-40a4-aa2b-c3f47acd5499,e8c9386c-8fbc-40cc-9587-ccb912ec5c10,photo,veganism,https://socialbuzz.cdn.com/content/storage/a429d355-8983-40a4-aa2b-c3f47acd5499
208,db3e5630-f959-4ce1-a12b-02efa655780e,e8849148-1482-4926-9f28-a537630b9ba2,video,animals,https://socialbuzz.cdn.com/content/storage/db3e5630-f959-4ce1-a12b-02efa655780e
209,c9ab41d2-5728-4d94-b16a-1e9b7af9b21d,95023c1b-04b7-4efd-ab34-61a4a70bb9d8,GIF,veganism,https://socialbuzz.cdn.com/content/storage/c9ab41d2-5728-4d94-b16a-1e9b7af9b21d
210,429632b9-88c0-4163-a7ed-4272a04f7838,56b8948a-68bd-425f-b842-eabe6bcfacca,audio,Animals,
211,281054fd-2b89-4191-92ae-98e1bc0ed51b,92423e9a-4e8c-49bc-be75-c819912696ce,video,fitness,https://socialbuzz.cdn.com/content/storage/281054fd-2b89-4191-92ae-98e1bc0ed51b
212,ebdf9868-075e-4fca-a3de-ef7b2cd8f7a1,163daa38-8b77-48c9-9af6-37a6c1447ac2,GIF,education,https://socialbuzz.cdn.com/content/storage/ebdf9868-075e-4fca-a3de-ef7b2cd8f7a1
213,8ef185a2-8910-41f5-a109-95c925ebffa0,f46eee2a-6024-4046-a6f4-5232366edb87,photo,public speaking,https://socialbuzz.cdn.com/content/storage/8ef185a2-8910-41f5-a109-95c925ebffa0
214,839d117b-c764-4930-99f2-a6e4d1b47790,374634b7-aead-4f2f-9303-c15f456c4094,GIF,cooking,https://socialbuzz.cdn.com/content/storage/839d117b-c764-4930-99f2-a6e4d1b47790
215,db672f6f-2f5b-47bd-aed6-bfc22188de4d,c834ba1d-8a10-4984-aaf2-7c2eab207076,audio,soccer,
216,037189e3-18c0-4f6c-a8cc-d6b86d679891,bbef3be1-172e-44bb-be3b-013140707ecf,GIF,food,https://socialbuzz.cdn.com/content/storage/037189e3-18c0-4f6c-a8cc-d6b86d679891
217,709b527b-d26f-48f2-91f8-3cdd9702e564,b473e898-b7b0-4a57-959d-484bf4cc4483,video,tennis,https://socialbuzz.cdn.com/content/storage/709b527b-d26f-48f2-91f8-3cdd9702e564
218,909cbb46-9789-4e9d-9148-890e5c44a9e2,80c36ce2-2cef-4a47-a563-d2a60a2b1825,audio,animals,https://socialbuzz.cdn.com/content/storage/909cbb46-9789-4e9d-9148-890e5c44a9e2
219,ceba816b-72ea-4682-8795-8569a46bb1d6,2941011b-f214-4430-8a14-e791ed0805bb,video,dogs,https://socialbuzz.cdn.com/content/storage/ceba816b-72ea-4682-8795-8569a46bb1d6
220,1987b43d-bcb9-4ab0-8634-ef3623928e94,0828c4e1-63ec-4121-aa07-eefd37954bb9,photo,education,
221,1a69604e-95a0-4b91-8051-f3730b7e009b,bcdf88dc-2a52-4716-bc24-a1b46040c8ce,video,fitness,https://socialbuzz.cdn.com/content/storage/1a69604e-95a0-4b91-8051-f3730b7e009b
222,3e64dfe3-e832-4352-a170-9806f64ac507,15cf4392-8541-422b-8957-a9c0380c11d9,audio,healthy eating,https://socialbuzz.cdn.com/content/storage/3e64dfe3-e832-4352-a170-9806f64ac507
223,30c8a141-2c2e-4272-8854-ff5673509652,89572273-761e-46f3-8b99-1689d98aac90,audio,culture,https://socialbuzz.cdn.com/content/storage/30c8a141-2c2e-4272-8854-ff5673509652
224,92855e17-5173-4481-a3d2-b9374263f597,ec2729db-9794-466e-93ba-a19402e16bef,GIF,fitness,https://socialbuzz.cdn.com/content/storage/92855e17-5173-4481-a3d2-b9374263f597
225,ad08dde0-ec5d-41ef-baed-10c6d66028aa,84bd5adb-286c-429a-926d-4ea120270825,GIF,technology,
226,d029d393-b80b-4a56-9450-7645ee42da07,3956593b-7739-426a-b7a5-e841c95a5df9,video,healthy eating,https://socialbuzz.cdn.com/content/storage/d029d393-b80b-4a56-9450-7645ee42da07
227,4ce7258e-3777-42b4-af6a-dd8898c42cfd,f02267ef-8974-43f5-9a2f-03d2c8ec22ca,photo,travel,https://socialbuzz.cdn.com/content/storage/4ce7258e-3777-42b4-af6a-dd8898c42cfd
228,75747dd7-8dad-4f2f-9209-62765223f3af,4bcb2c2e-36ed-4d5d-90a1-440993e9f6d2,photo,fitness,https://socialbuzz.cdn.com/content/storage/75747dd7-8dad-4f2f-9209-62765223f3af
229,b47f0569-8d01-4ac4-a4ed-0fcc94cb96fc,1add9169-fda0-4da2-82a0-4de3bf7ed8ca,audio,studying,https://socialbuzz.cdn.com/content/storage/b47f0569-8d01-4ac4-a4ed-0fcc94cb96fc
230,b1c49557-0623-4fb2-8f22-1453286fedad,54a8e072-5369-4122-9189-43b55e1a4ba2,video,healthy eating,
231,96209724-37a8-475b-b80a-03e96a7c33b1,6ecb39b1-8f85-44f1-b2f3-0cffcba4d731,GIF,fitness,https://socialbuzz.cdn.com/content/storage/96209724-37a8-475b-b80a-03e96a7c33b1
232,bb9dcde7-55bb-4fb8-b349-caa58fb08823,683d880b-3ccf-4f4d-8182-96e7a7a884bd,GIF,healthy eating,https://socialbuzz.cdn.com/content/storage/bb9dcde7-55bb-4fb8-b349-caa58fb08823
233,a0606e08-1798-44f5-a575-28e82f79dfe3,0c5b0547-820a-4beb-832e-3162f74ccfa7,video,veganism,https://socialbuzz.cdn.com/content/storage/a0606e08-1798-44f5-a575-28e82f79dfe3
234,b7a5e38b-b990-4b8e-aaac-6cc9ee77f3d9,de050611-e926-43bb-b1ea-502d8bd25bfc,video,cooking,https://socialbuzz.cdn.com/content/storage/b7a5e38b-b990-4b8e-aaac-6cc9ee77f3d9
235,3dc03a86-f481-42fa-bf43-a7bcf3b6572e,3af8d78b-55c4-4ac0-8161-7cc3f6ec11c9,audio,fitness,
236,baf5959e-204c-4acc-838c-87617e79f448,33a8d02a-e255-4ffe-9d90-2df8c2914077,GIF,fitness,https://socialbuzz.cdn.com/content/storage/baf5959e-204c-4acc-838c-87617e79f448
237,18a07663-ba3c-4ff9-94d3-bd533aa853c2,fd7396b2-a18b-449c-b326-e676aebd7776,audio,veganism,https://socialbuzz.cdn.com/content/storage/18a07663-ba3c-4ff9-94d3-bd533aa853c2
238,dc78a872-9057-4a8e-9a25-a1c407c1b7c9,a6e32004-8866-40e5-aaeb-e159c13fd42a,audio,culture,https://socialbuzz.cdn.com/content/storage/dc78a872-9057-4a8e-9a25-a1c407c1b7c9
239,a3d563e1-c7a6-4367-9195-cddc36863735,6178d76a-af2e-4453-93ee-02ca23ed3fdc,audio,healthy eating,https://socialbuzz.cdn.com/content/storage/a3d563e1-c7a6-4367-9195-cddc36863735
240,350e0d40-e036-459c-9cbe-73e003c33cfa,346174b1-4661-4cdd-8c47-66dbd013cd56,photo,technology,
241,0e2169f4-b881-42d0-b99c-034b32f83504,f25dc445-de4a-47ee-92a4-0ff29c56656d,GIF,food,https://socialbuzz.cdn.com/content/storage/0e2169f4-b881-42d0-b99c-034b32f83504
242,60ca0278-5ed6-4669-939b-e6dc2021c07d,317c70d5-fe65-4663-afb1-150108e0e55c,GIF,technology,https://socialbuzz.cdn.com/content/storage/60ca0278-5ed6-4669-939b-e6dc2021c07d
243,13a4d35c-761c-47a3-b25b-5cc5825d04f2,1879b698-1639-438e-a07e-ddd735f8d57c,photo,travel,https://socialbuzz.cdn.com/content/storage/13a4d35c-761c-47a3-b25b-5cc5825d04f2
244,062cbf2f-fc22-4357-8890-63e7f13fcd37,f9ecf6a2-8402-43b3-bf22-8cd54394ea02,audio,education,https://socialbuzz.cdn.com/content/storage/062cbf2f-fc22-4357-8890-63e7f13fcd37
245,45752c15-a54c-4b0d-8fe3-f39c40f6c8d9,1932a904-86ba-4438-bb52-b7e6516a4019,photo,Education,
246,a3e93c2d-7fb4-4881-994d-ee20ad564924,317c70d5-fe65-4663-afb1-150108e0e55c,video,public speaking,https://socialbuzz.cdn.com/content/storage/a3e93c2d-7fb4-4881-994d-ee20ad564924
247,5b379d75-649b-426f-b420-4e0b6e4a0e3d,953cb190-5704-4926-adc2-057c6f3e3cb4,video,soccer,https://socialbuzz.cdn.com/content/storage/5b379d75-649b-426f-b420-4e0b6e4a0e3d
248,7fe36d94-8867-4719-9c62-60b077cf5973,5b62e10e-3c19-4d28-a57c-e9bdc3d6758d,photo,travel,https://socialbuzz.cdn.com/content/storage/7fe36d94-8867-4719-9c62-60b077cf5973
249,56df8914-9d42-434d-9612-6bb518dd641e,4ce3f877-96ea-4a37-8107-1176126d9d97,video,fitness,https://socialbuzz.cdn.com/content/storage/56df8914-9d42-434d-9612-6bb518dd641e
250,78461336-26e2-4d0c-ab9a-fefbe419a8dd,3205ad12-726a-4b65-a15a-1a899a9d310b,video,"""dogs""",
251,25934ec0-56f1-4fe1-9bf4-d46b1dbb42ad,877ce8ba-564f-4b86-9cdc-94a93d9a7997,photo,veganism,https://socialbuzz.cdn.com/content/storage/25934ec0-56f1-4fe1-9bf4-d46b1dbb42ad
252,637f80dd-2d70-4658-ba5f-8d909b050781,f182f7d5-e202-4e89-832e-02205dd2ff02,video,studying,https://socialbuzz.cdn.com/content/storage/637f80dd-2d70-4658-ba5f-8d909b050781
253,cb807d6e-079e-417e-adfc-759df6eddfa2,324e384a-9963-4d17-94aa-21859ea85062,GIF,veganism,https://socialbuzz.cdn.com/content/storage/cb807d6e-079e-417e-adfc-759df6eddfa2
254,227a8c57-e5a0-46a8-999d-fcdea42c0905,e69d9ade-20e5-4e31-bc70-5a46556c530f,photo,education,https://socialbuzz.cdn.com/content/storage/227a8c57-e5a0-46a8-999d-fcdea42c0905
255,94be0dfb-a23a-4426-9c3c-e4db1fd914b5,9d0a0b94-b081-40d7-bf56-6f8f4750dbaf,video,public speaking,
256,19179d57-4950-4a98-87fa-98f824551a6f,69527334-c362-47df-87fc-5e2b5e2605e5,photo,education,https://socialbuzz.cdn.com/content/storage/19179d57-4950-4a98-87fa-98f824551a6f
257,3926740f-e4f7-4229-9aad-e435149d0d2f,ded166ee-173b-4a56-bc6d-464c35709670,photo,science,https://socialbuzz.cdn.com/content/storage/3926740f-e4f7-4229-9aad-e435149d0d2f
258,590873fc-e921-4396-a173-a43451675afc,e09aa625-3db7-49bd-be09-9aaa0c86a8bf,GIF,studying,https://socialbuzz.cdn.com/content/storage/590873fc-e921-4396-a173-a43451675afc
259,b4c71928-99f0-4f1e-bdff-3d99c16113ac,bf721d00-4fa1-44b1-834f-4730cd51aefa,video,travel,https://socialbuzz.cdn.com/content/storage/b4c71928-99f0-4f1e-bdff-3d99c16113ac
260,c7b02507-18a2-4169-91f1-4fc727c8bc03,89d6bd9d-ce6b-42e5-bb9b-ece3b338396d,GIF,dogs,
261,70b0202f-cd58-42fe-acd9-7b2f8cf9e7c6,c64c5004-6ab5-4faa-9fcd-8039fe57799d,video,cooking,https://socialbuzz.cdn.com/content/storage/70b0202f-cd58-42fe-acd9-7b2f8cf9e7c6
262,2677e7fa-4c0e-44c5-9d4c-66615a42e86f,5d04455b-a95e-40d8-bcd4-8c485777c47f,photo,dogs,https://socialbuzz.cdn.com/content/storage/2677e7fa-4c0e-44c5-9d4c-66615a42e86f
263,4b10b6a2-d8ad-4f48-835a-e0ec47e7e72c,bf721d00-4fa1-44b1-834f-4730cd51aefa,photo,education,https://socialbuzz.cdn.com/content/storage/4b10b6a2-d8ad-4f48-835a-e0ec47e7e72c
264,990ad477-b9eb-4ea6-9ec8-3f941f53b758,122c3e03-0a96-4d62-9d17-27f8e2b6ba58,audio,animals,https://socialbuzz.cdn.com/content/storage/990ad477-b9eb-4ea6-9ec8-3f941f53b758
265,2240bbde-db67-4d73-b885-f0117b4b2080,92c3576c-8634-42a8-8005-6e1ff8c207e8,video,food,
266,8338222c-c31f-40f3-883c-44125f36bae8,e8493c32-7f6f-4e57-a691-cf0df6f015c9,video,education,https://socialbuzz.cdn.com/content/storage/8338222c-c31f-40f3-883c-44125f36bae8
267,59bb59ce-776b-4d28-85ee-c0d71c690b6a,de050611-e926-43bb-b1ea-502d8bd25bfc,audio,animals,https://socialbuzz.cdn.com/content/storage/59bb59ce-776b-4d28-85ee-c0d71c690b6a
268,bb3901bd-a3d9-4f45-8b0c-0548c36385d2,1d8dfb6a-330c-4eb9-a603-364f207c6e57,audio,fitness,https://socialbuzz.cdn.com/content/storage/bb3901bd-a3d9-4f45-8b0c-0548c36385d2
269,b814490f-ff17-4f98-8fb0-cade9c2d8e61,24789387-968b-425a-8836-14e243cda16c,GIF,culture,https://socialbuzz.cdn.com/content/storage/b814490f-ff17-4f98-8fb0-cade9c2d8e61
270,72878c11-38cc-4442-bc81-7eeef47c531c,1ebc46fa-edd3-4dec-bb45-c124daf83512,GIF,animals,
271,b50871e0-183e-4a1d-884b-f20fb271041b,7be6e8bc-39b0-4035-ac93-1df8fd7e1928,photo,cooking,https://socialbuzz.cdn.com/content/storage/b50871e0-183e-4a1d-884b-f20fb271041b
272,5163acf9-9bde-4f09-81e2-d8711e774360,caa8605b-5cd3-49d0-a680-2a6e9f3bf0a5,audio,healthy eating,https://socialbuzz.cdn.com/content/storage/5163acf9-9bde-4f09-81e2-d8711e774360
273,802a8533-3051-4e2c-ad30-7751ece5d514,600118fa-e6f4-4d74-aeb6-936abbbf38a1,audio,food,https://socialbuzz.cdn.com/content/storage/802a8533-3051-4e2c-ad30-7751ece5d514
274,8f12f846-7528-4516-aa7c-f937d868c904,f4ed8f9c-5eac-4d77-a206-c60afda2921a,GIF,culture,https://socialbuzz.cdn.com/content/storage/8f12f846-7528-4516-aa7c-f937d868c904
275,35489ad9-c3b5-4fcd-a6c0-9f2c667c55a8,d9aab962-e964-4afd-83ee-abda0865da67,photo,studying,
276,636e6499-b670-4cd4-a829-2c4c9e07db2a,4c731e48-0377-4d7d-b4c8-b2174b774ed8,photo,soccer,https://socialbuzz.cdn.com/content/storage/636e6499-b670-4cd4-a829-2c4c9e07db2a
277,2363df47-ee8b-433d-bbfc-34d5ac57e2aa,b473e898-b7b0-4a57-959d-484bf4cc4483,audio,travel,https://socialbuzz.cdn.com/content/storage/2363df47-ee8b-433d-bbfc-34d5ac57e2aa
278,ac120787-f331-497f-8733-7cd63dfd36b6,eb74e88c-1bf5-402f-987e-90a5977ae1e3,GIF,culture,https://socialbuzz.cdn.com/content/storage/ac120787-f331-497f-8733-7cd63dfd36b6
279,9ec9b340-df2d-472f-9a7f-80b4790788e6,af647535-dae8-4ca3-9203-bf4bfc607ffe,photo,travel,https://socialbuzz.cdn.com/content/storage/9ec9b340-df2d-472f-9a7f-80b4790788e6
280,5c38166c-8305-4227-ad54-bad36df2a57a,56e65b5b-e1b4-4f67-b596-e75bf103783b,video,Fitness,
281,da8f7258-6757-4a7e-892e-a16b925ef83b,37867a23-d07b-4990-8fa8-d694cf7d3b1b,photo,cooking,https://socialbuzz.cdn.com/content/storage/da8f7258-6757-4a7e-892e-a16b925ef83b
282,e3c37598-5a41-471c-a65b-e0e1bef2f3ec,683d880b-3ccf-4f4d-8182-96e7a7a884bd,audio,tennis,https://socialbuzz.cdn.com/content/storage/e3c37598-5a41-471c-a65b-e0e1bef2f3ec
283,ecbba40a-93f2-470a-b565-938f61f527a7,6eb62858-f6f3-4846-8054-52df483979de,audio,public speaking,https://socialbuzz.cdn.com/content/storage/ecbba40a-93f2-470a-b565-938f61f527a7
284,05805658-8744-4cc4-825d-cbfed0ecea7c,d81dc9d9-a614-40f1-9dd4-7a4a05bac243,photo,technology,https://socialbuzz.cdn.com/content/storage/05805658-8744-4cc4-825d-cbfed0ecea7c
285,962e5969-cd65-4670-a2ae-b0266908426b,13f0db8a-152a-496f-a6e8-1ed6a90b8788,GIF,studying,
286,6fc7f722-0a93-4420-8376-09d6536ecef8,db392b86-6ba5-4a9b-933a-a2553488bb62,GIF,fitness,https://socialbuzz.cdn.com/content/storage/6fc7f722-0a93-4420-8376-09d6536ecef8
287,1601a6f1-4b94-44ed-b9a1-6f64a1a82e9a,eff1e86a-8ede-4a41-818b-9442e3181ee3,GIF,fitness,https://socialbuzz.cdn.com/content/storage/1601a6f1-4b94-44ed-b9a1-6f64a1a82e9a
288,e611ee64-7ada-428d-aa37-94c8c0782a91,87026ce7-fd0b-4b57-9126-d4bae2c1ee0e,GIF,cooking,https://socialbuzz.cdn.com/content/storage/e611ee64-7ada-428d-aa37-94c8c0782a91
289,e96d9fcb-b5be-4382-b809-6315dbe6f89a,241d5c6e-06c7-491b-b23e-f8d6ddc0240a,photo,tennis,https://socialbuzz.cdn.com/content/storage/e96d9fcb-b5be-4382-b809-6315dbe6f89a
290,a7a7c909-15cb-4719-835b-cc9f835feb50,48bed4d7-0329-472c-96d9-b23a103eb834,GIF,animals,
291,77099957-1551-435e-b386-704d8b91a46e,15cf4392-8541-422b-8957-a9c0380c11d9,audio,cooking,https://socialbuzz.cdn.com/content/storage/77099957-1551-435e-b386-704d8b91a46e
292,760e026f-8373-4aa4-acb5-03eb102fc733,f02267ef-8974-43f5-9a2f-03d2c8ec22ca,audio,food,https://socialbuzz.cdn.com/content/storage/760e026f-8373-4aa4-acb5-03eb102fc733
293,5c7fa152-9628-471d-b715-84e15c4b5d38,40e643fb-369c-4ecb-beb7-810114f331fa,audio,tennis,https://socialbuzz.cdn.com/content/storage/5c7fa152-9628-471d-b715-84e15c4b5d38
294,25948d39-4549-4ead-be71-6a571bd56fe1,7a85fbc6-253f-4552-9f4a-c1a332e14fa5,audio,science,https://socialbuzz.cdn.com/content/storage/25948d39-4549-4ead-be71-6a571bd56fe1
295,d03efe68-5986-48c4-8767-93b8f5881004,ddd079a8-00dd-4aab-9551-11961171db16,GIF,animals,
296,678dd299-afc6-4e35-890d-38a016cfdeff,ce7c338c-cad4-408f-895b-510ca73a388b,video,public speaking,https://socialbuzz.cdn.com/content/storage/678dd299-afc6-4e35-890d-38a016cfdeff
297,4bdd31e0-2f59-4262-bcbe-546678a3d203,d51a3403-8bab-4d88-af4f-a429c6d8c168,photo,healthy eating,https://socialbuzz.cdn.com/content/storage/4bdd31e0-2f59-4262-bcbe-546678a3d203
298,11b96207-c1c5-4083-948d-2942684aae0d,3205ad12-726a-4b65-a15a-1a899a9d310b,photo,studying,https://socialbuzz.cdn.com/content/storage/11b96207-c1c5-4083-948d-2942684aae0d
299,51a26a10-6973-4882-aa88-98b53978ce01,d55f3314-96cc-4a5d-b650-f43f094cd3c3,audio,veganism,https://socialbuzz.cdn.com/content/storage/51a26a10-6973-4882-aa88-98b53978ce01
300,693b5f91-52b1-4464-916c-91adccbec996,3663e3e6-3d5c-4ed9-a6af-1e680ec5f34b,photo,"""culture""",
301,4898f7e1-1431-4e9c-a444-dbea02d58f85,fdbaec82-bc98-47b8-8fe6-4aec7524e8e3,GIF,food,https://socialbuzz.cdn.com/content/storage/4898f7e1-1431-4e9c-a444-dbea02d58f85
302,8ea001b0-f13b-420f-b0f2-0cc35bdcd152,40f15350-9ac3-4b6c-83c3-51cc7945dd01,video,studying,https://socialbuzz.cdn.com/content/storage/8ea001b0-f13b-420f-b0f2-0cc35bdcd152
303,42afb980-6f27-40d3-962e-bff8eada090f,3a80467c-0f1f-49ca-b904-1938ea2177a9,GIF,culture,https://socialbuzz.cdn.com/content/storage/42afb980-6f27-40d3-962e-bff8eada090f
304,70a9e79f-ca7b-48e1-b521-c1d16cb2e36d,b3a84639-5a4f-4c97-8ea8-2ac49882e27a,GIF,education,https://socialbuzz.cdn.com/content/storage/70a9e79f-ca7b-48e1-b521-c1d16cb2e36d
305,7dfe344f-172b-4d1d-a9a5-d63e7a097642,5a1ab9a3-1983-4021-9557-d3700a276746,GIF,culture,
306,581634a6-14c7-4c0a-8c7f-34238e58cf6a,78703a69-8edc-458f-b0fc-85d96501dcdc,GIF,veganism,https://socialbuzz.cdn.com/content/storage/581634a6-14c7-4c0a-8c7f-34238e58cf6a
307,1e773c55-ec7e-47f2-916d-98d0b778a048,bfe23c39-f814-4282-b0f7-506cd8295b8a,photo,food,https://socialbuzz.cdn.com/content/storage/1e773c55-ec7e-47f2-916d-98d0b778a048
308,c63235b6-aad7-42ff-96ba-978e47a6c5fc,54729154-eb5c-413a-8837-887365057910,GIF,tennis,https://socialbuzz.cdn.com/content/storage/c63235b6-aad7-42ff-96ba-978e47a6c5fc
309,194f1ad7-43bf-4cdd-a01b-e6947df47403,e206e31b-5f85-4964-b6ea-d7ee5324def1,GIF,tennis,https://socialbuzz.cdn.com/content/storage/194f1ad7-43bf-4cdd-a01b-e6947df47403
310,85e013ce-3474-4c9a-a4ea-7b726a29baae,57617bf3-b7d0-49cb-8d88-7d8346656397,GIF,animals,
311,212b7926-c743-45d9-85f2-63e0e8f85208,2941011b-f214-4430-8a14-e791ed0805bb,photo,dogs,https://socialbuzz.cdn.com/content/storage/212b7926-c743-45d9-85f2-63e0e8f85208
312,cb14a57b-9a8e-4694-9516-5a7d2ec41438,e2377b94-f06a-49ed-a266-377c4b07e980,GIF,soccer,https://socialbuzz.cdn.com/content/storage/cb14a57b-9a8e-4694-9516-5a7d2ec41438
313,f5d6cb3a-923b-45fb-857a-7250b679625e,7918d465-0953-4f20-9e28-539e74c82e2f,video,travel,https://socialbuzz.cdn.com/content/storage/f5d6cb3a-923b-45fb-857a-7250b679625e
314,9a5951a5-a36f-404e-a746-f6023c160fc0,48bed4d7-0329-472c-96d9-b23a103eb834,GIF,science,https://socialbuzz.cdn.com/content/storage/9a5951a5-a36f-404e-a746-f6023c160fc0
315,26ea4466-0d88-482a-afab-e502beb4a316,79acce4b-b991-4a68-b762-d496686a4f32,video,Fitness,
316,9ee8836d-af4b-46ad-8869-4e0b1dedff7d,90e2caab-9daa-4bf0-8104-c25e6c70c59d,audio,tennis,https://socialbuzz.cdn.com/content/storage/9ee8836d-af4b-46ad-8869-4e0b1dedff7d
317,b81f446e-be9b-4fff-8faf-7732c6306c75,d1a89d23-7d17-4949-9e1a-637317141f3d,audio,cooking,https://socialbuzz.cdn.com/content/storage/b81f446e-be9b-4fff-8faf-7732c6306c75
318,d72ea14e-16fb-4e2d-acf1-59a29dfa21df,33c1cee6-ae56-4f8e-84fc-ee0a4b7bbf4c,audio,public speaking,https://socialbuzz.cdn.com/content/storage/d72ea14e-16fb-4e2d-acf1-59a29dfa21df
319,a059c110-6fab-4a4f-9482-eaf2c269911e,d0ea9a00-4ea9-4c81-b16a-a20b72f824ea,GIF,food,https://socialbuzz.cdn.com/content/storage/a059c110-6fab-4a4f-9482-eaf2c269911e
320,b90bb1f2-9dbf-4802-a0e2-103dac50d272,72f7f84c-5bcc-4380-81cd-3378ce0a1b32,video,fitness,
321,e501d99e-9e52-4c26-b33a-edba700be4e7,89572273-761e-46f3-8b99-1689d98aac90,GIF,cooking,https://socialbuzz.cdn.com/content/storage/e501d99e-9e52-4c26-b33a-edba700be4e7
322,31f3802a-fe3d-441c-8732-102bd39f6db5,1f7e22c8-558a-4b6f-a04f-b219593f029e,audio,science,https://socialbuzz.cdn.com/content/storage/31f3802a-fe3d-441c-8732-102bd39f6db5
323,4b582733-141e-488f-8d02-3c4b149815a5,4c731e48-0377-4d7d-b4c8-b2174b774ed8,photo,fitness,https://socialbuzz.cdn.com/content/storage/4b582733-141e-488f-8d02-3c4b149815a5
324,4e659bd8-44b6-41a3-893c-c528474a29c9,e8849148-1482-4926-9f28-a537630b9ba2,video,education,https://socialbuzz.cdn.com/content/storage/4e659bd8-44b6-41a3-893c-c528474a29c9
325,8866b759-c55c-4fd3-9753-8a69265c481e,2129de92-ee91-425f-a854-07c553ee0b74,video,science,
326,915505a1-6d75-4894-8200-0f088c19431b,a710ab29-b72a-42c8-a79b-42e63d4a8bfd,video,cooking,https://socialbuzz.cdn.com/content/storage/915505a1-6d75-4894-8200-0f088c19431b
327,eec5dae8-e4d0-4b15-80a9-ac55352cb5ca,cbc99939-e6a6-4269-9819-bffce6f38751,GIF,cooking,https://socialbuzz.cdn.com/content/storage/eec5dae8-e4d0-4b15-80a9-ac55352cb5ca
328,3ce1063a-2277-4285-97b0-9bd53a941cd7,163daa38-8b77-48c9-9af6-37a6c1447ac2,GIF,travel,https://socialbuzz.cdn.com/content/storage/3ce1063a-2277-4285-97b0-9bd53a941cd7
329,42d062ec-2107-4fbe-9a77-2e00c67a7d63,168e6d97-0b9c-45d0-ba57-cabc8c60d428,GIF,culture,https://socialbuzz.cdn.com/content/storage/42d062ec-2107-4fbe-9a77-2e00c67a7d63
330,1089b539-bbb6-4ef7-ba3e-a15af2bc5f42,e2377b94-f06a-49ed-a266-377c4b07e980,photo,food,
331,2d10f5b0-c590-429f-8b68-52c239617d26,7adafb3c-7c7c-492b-be5b-5ddd9ff1316a,GIF,technology,https://socialbuzz.cdn.com/content/storage/2d10f5b0-c590-429f-8b68-52c239617d26
332,e75a100d-18a9-47a5-9554-1843ed350dc9,b4a6b3ac-b6af-4525-8d59-7afc00ff279d,audio,cooking,https://socialbuzz.cdn.com/content/storage/e75a100d-18a9-47a5-9554-1843ed350dc9
333,cb0bd265-610e-4d5f-bc00-1732f58562dc,b6fd2140-f8b9-498a-a07f-0dc9986736c6,GIF,science,https://socialbuzz.cdn.com/content/storage/cb0bd265-610e-4d5f-bc00-1732f58562dc
334,b2344491-76af-4b2c-b569-e9af85298b30,49da0743-cb4d-4c84-b6a2-537bbe7256d1,video,culture,https://socialbuzz.cdn.com/content/storage/b2344491-76af-4b2c-b569-e9af85298b30
335,178f85a7-c2d1-4127-94d2-30adf96ae7fd,ac4e6ee0-d1bd-4e6b-9355-7567b3e3ec5e,photo,science,
336,89cf06bc-e921-4cfd-bd16-d071757d90a2,b0c22f82-b882-4394-bf27-6dfadf26e5c2,video,animals,https://socialbuzz.cdn.com/content/storage/89cf06bc-e921-4cfd-bd16-d071757d90a2
337,a39e8a86-63e3-4dcc-8561-4a0b7006df53,939dbcf5-024b-4e63-9e7e-2f15c8b346ba,video,technology,https://socialbuzz.cdn.com/content/storage/a39e8a86-63e3-4dcc-8561-4a0b7006df53
338,16fb5dcb-4349-4831-acf2-8c116ad7dae5,330ded4b-db65-485a-80a4-6b3bffd33067,audio,technology,https://socialbuzz.cdn.com/content/storage/16fb5dcb-4349-4831-acf2-8c116ad7dae5
339,0d5eb9fd-879d-4716-aebc-840f7b1b7e9f,3455a646-398f-4b16-b19a-1371cdb2e048,GIF,dogs,https://socialbuzz.cdn.com/content/storage/0d5eb9fd-879d-4716-aebc-840f7b1b7e9f
340,e4827a5c-c604-4aad-b7ed-b396b3601b74,85503a94-e733-486e-989e-12ff9b59f2d3,photo,education,
341,abecd821-ad3d-43b0-a550-aadd9d267072,77908afa-eff6-49a9-b042-04fff799a0ff,video,tennis,https://socialbuzz.cdn.com/content/storage/abecd821-ad3d-43b0-a550-aadd9d267072
342,0289b7bc-bc95-4f1d-83fe-9ca662194158,084eb113-0d87-4ae5-891b-2ec7f1e194a8,audio,tennis,https://socialbuzz.cdn.com/content/storage/0289b7bc-bc95-4f1d-83fe-9ca662194158
343,3a7b85dd-717e-4460-8144-498fdbc9380c,808f5b0d-17e3-44e1-b58e-7f35ebabaff2,video,education,https://socialbuzz.cdn.com/content/storage/3a7b85dd-717e-4460-8144-498fdbc9380c
344,03e51c25-cba9-471b-b627-f15550b83fca,b9bcd994-f000-4f6b-87fc-caae08acfaa1,GIF,veganism,https://socialbuzz.cdn.com/content/storage/03e51c25-cba9-471b-b627-f15550b83fca
345,daeddfcc-c030-4674-8317-56a23ab81799,e69d9ade-20e5-4e31-bc70-5a46556c530f,audio,animals,
346,71246f1e-0b64-4922-a6ae-c86c446837be,2ab641a8-6ad4-4d1a-8511-d87ff5346773,video,healthy eating,https://socialbuzz.cdn.com/content/storage/71246f1e-0b64-4922-a6ae-c86c446837be
347,41bc0418-db4b-48b4-ada6-18eda999cd25,31cfc138-cec0-4176-bd6d-79c4cadbb1d4,video,travel,https://socialbuzz.cdn.com/content/storage/41bc0418-db4b-48b4-ada6-18eda999cd25
348,31d142d9-4557-4613-bce5-cfe63cd0a3cf,31cfc138-cec0-4176-bd6d-79c4cadbb1d4,photo,soccer,https://socialbuzz.cdn.com/content/storage/31d142d9-4557-4613-bce5-cfe63cd0a3cf
349,77f0131d-a06e-40d6-8f6d-a64c0491d1b5,4027aa31-4bda-4e1d-92f7-49de962e8da9,audio,healthy eating,https://socialbuzz.cdn.com/content/storage/77f0131d-a06e-40d6-8f6d-a64c0491d1b5
350,ad5ddd13-b8ea-4174-ad71-da1663c7f959,15c2ba5b-eeb6-4d9b-a0e2-7d5461a21c0a,video,Technology,
351,447954af-c2c0-4546-881c-3ba1cb104209,0d47a133-383b-4a9c-976c-697ac65ccb19,audio,tennis,https://socialbuzz.cdn.com/content/storage/447954af-c2c0-4546-881c-3ba1cb104209
352,a8d3e5b8-7838-477c-82ce-4c90029e56ce,425b7021-0409-4358-af39-2bff14197d0a,photo,public speaking,https://socialbuzz.cdn.com/content/storage/a8d3e5b8-7838-477c-82ce-4c90029e56ce
353,a412c4fa-42c9-4bd8-a2d7-1ad1dcbe9615,0871bb31-3d6e-4e4c-ab19-95a262cac0d4,video,dogs,https://socialbuzz.cdn.com/content/storage/a412c4fa-42c9-4bd8-a2d7-1ad1dcbe9615
354,3b436c19-72fe-429a-80dd-88d24ef549d1,31ff6616-c1dc-4b9a-8091-0b4d0cac25b1,video,soccer,https://socialbuzz.cdn.com/content/storage/3b436c19-72fe-429a-80dd-88d24ef549d1
355,0c042b6c-725e-4591-a666-cf32c5ec7cc8,7918d465-0953-4f20-9e28-539e74c82e2f,audio,public speaking,
356,dfdf6d34-e60b-4d21-9973-4bf07769be78,f7785ec1-7383-4815-8206-80de7c05fdf9,photo,public speaking,https://socialbuzz.cdn.com/content/storage/dfdf6d34-e60b-4d21-9973-4bf07769be78
357,cebae43b-4f77-4689-86e0-66fb107d5eef,4c0558bc-b0d9-44b0-8b70-5fc6acb6c362,GIF,culture,https://socialbuzz.cdn.com/content/storage/cebae43b-4f77-4689-86e0-66fb107d5eef
358,7e2e14e2-79eb-41d0-8d5f-eba20460f049,3efc3621-873a-4b80-a0cb-27e531d600be,photo,dogs,https://socialbuzz.cdn.com/content/storage/7e2e14e2-79eb-41d0-8d5f-eba20460f049
359,34cb120b-853b-4788-8978-a3544449136b,4c0558bc-b0d9-44b0-8b70-5fc6acb6c362,photo,food,https://socialbuzz.cdn.com/content/storage/34cb120b-853b-4788-8978-a3544449136b
360,e4fd43f5-c0cb-47cd-bc41-1e07a8081323,d9aab962-e964-4afd-83ee-abda0865da67,GIF,soccer,
361,e4306fd4-391c-4016-8b5f-98594bb647a0,ef629f00-391d-4a79-af74-77a9afdbbd41,audio,healthy eating,https://socialbuzz.cdn.com/content/storage/e4306fd4-391c-4016-8b5f-98594bb647a0
362,697af362-e84b-4429-b4ea-4123c6ab44ba,3f218ab6-a288-4ee8-affc-3d02a9cbff5f,video,science,https://socialbuzz.cdn.com/content/storage/697af362-e84b-4429-b4ea-4123c6ab44ba
363,8f640e2f-27bc-46cc-a43a-f750e357fc35,89d6bd9d-ce6b-42e5-bb9b-ece3b338396d,video,soccer,https://socialbuzz.cdn.com/content/storage/8f640e2f-27bc-46cc-a43a-f750e357fc35
364,f2143553-d9cd-4d8d-8276-98557a0054af,80e03bc0-fc8f-475b-a4dd-870844b7a313,photo,cooking,https://socialbuzz.cdn.com/content/storage/f2143553-d9cd-4d8d-8276-98557a0054af
365,f4c8e6bb-e282-41f3-a000-bbabae7dbf04,1ebc46fa-edd3-4dec-bb45-c124daf83512,audio,technology,
366,ad8bc9be-50a3-491a-b240-49b8f573238e,b3e73328-3638-4913-b7ae-3a6a64c1cd62,GIF,soccer,https://socialbuzz.cdn.com/content/storage/ad8bc9be-50a3-491a-b240-49b8f573238e
367,54acd843-1e09-4b30-a80a-b9e0295ff269,94bf7864-a52e-405e-a729-9702bf79c234,GIF,tennis,https://socialbuzz.cdn.com/content/storage/54acd843-1e09-4b30-a80a-b9e0295ff269
368,972b6e82-421f-43f6-905c-2168933de18f,4bcb2c2e-36ed-4d5d-90a1-440993e9f6d2,video,animals,https://socialbuzz.cdn.com/content/storage/972b6e82-421f-43f6-905c-2168933de18f
369,f6c9e663-620c-4d18-9494-7eea83fbf4b7,df1e7940-d514-40aa-af3a-e742792c4b5e,audio,animals,https://socialbuzz.cdn.com/content/storage/f6c9e663-620c-4d18-9494-7eea83fbf4b7
370,78c7c5a7-5de4-469e-8460-49e8e491bde6,c3988ef2-7e28-4db7-8981-c69f61a3bfce,GIF,public speaking,
371,d75016e9-9817-47e7-a2f9-dbfae392d3d6,9210e8dd-d2a2-4ea7-8cbd-f37e1e8efea5,GIF,culture,https://socialbuzz.cdn.com/content/storage/d75016e9-9817-47e7-a2f9-dbfae392d3d6
372,567ddaca-f9aa-4e53-b9b7-b745a1ac0c95,e8c9386c-8fbc-40cc-9587-ccb912ec5c10,video,culture,https://socialbuzz.cdn.com/content/storage/567ddaca-f9aa-4e53-b9b7-b745a1ac0c95
373,46bd9a52-6547-457f-87fa-0e434e5bc61c,b9480379-4b96-412c-8dca-96fff9ae81a3,photo,fitness,https://socialbuzz.cdn.com/content/storage/46bd9a52-6547-457f-87fa-0e434e5bc61c
374,bc1f22da-d7b2-49d8-a6f1-1132776b4b18,20d507a0-fdba-4c04-a30c-bd18273accdc,photo,culture,https://socialbuzz.cdn.com/content/storage/bc1f22da-d7b2-49d8-a6f1-1132776b4b18
375,501b2f88-999b-4ad9-b2f5-4b9c36a31259,b726d35b-6345-4ed9-8431-fc75e38ba179,photo,cooking,
376,df15da28-c038-4d0c-a63a-eac77f650ee3,168e6d97-0b9c-45d0-ba57-cabc8c60d428,audio,tennis,https://socialbuzz.cdn.com/content/storage/df15da28-c038-4d0c-a63a-eac77f650ee3
377,0da2523f-acc4-4687-9844-45eaa5e90c65,a90c3ed2-7c64-47c3-9da5-b10d05f6f9f2,video,technology,https://socialbuzz.cdn.com/content/storage/0da2523f-acc4-4687-9844-45eaa5e90c65
378,bc9cc9ed-3e90-4fef-a1e8-d54b31e88f30,80c9ce48-46f9-4f5e-b3ca-3b698fc2e949,photo,healthy eating,https://socialbuzz.cdn.com/content/storage/bc9cc9ed-3e90-4fef-a1e8-d54b31e88f30
379,b6ecb09e-a706-4589-bb75-70cb1cc590eb,e32722f4-69b1-4aff-b13b-8928ea08fd6a,photo,culture,https://socialbuzz.cdn.com/content/storage/b6ecb09e-a706-4589-bb75-70cb1cc590eb
380,23a1f257-2f17-4e67-aec1-626c77d73216,af647535-dae8-4ca3-9203-bf4bfc607ffe,GIF,studying,
381,02ba5af1-784a-44cc-ae3a-14833c4a2237,cd5fd7db-8715-41b7-8f4a-11a65b638d8e,video,healthy eating,https://socialbuzz.cdn.com/content/storage/02ba5af1-784a-44cc-ae3a-14833c4a2237
382,c84f903e-32ae-4ce1-b66b-d876439fccf5,b473e898-b7b0-4a57-959d-484bf4cc4483,audio,healthy eating,https://socialbuzz.cdn.com/content/storage/c84f903e-32ae-4ce1-b66b-d876439fccf5
383,86f4e4df-636a-48f5-bb66-03ea4fd00214,b1ceae0c-016d-421f-a6f0-488a7857f9f6,photo,veganism,https://socialbuzz.cdn.com/content/storage/86f4e4df-636a-48f5-bb66-03ea4fd00214
384,f04de5da-e42f-4d89-a79a-3dff16f7d422,289044c8-e74c-4814-898a-b3b5eba6e46e,video,studying,https://socialbuzz.cdn.com/content/storage/f04de5da-e42f-4d89-a79a-3dff16f7d422
385,b27bfcfe-64df-499e-b60f-f93d2200c589,8af596f3-c67c-4f40-a0cc-e258e730a8f5,video,Soccer,
386,91f7585b-c756-475b-9f21-877d7c48b579,392bf6a1-dd73-48a5-9fd9-431749f2a8ef,photo,soccer,https://socialbuzz.cdn.com/content/storage/91f7585b-c756-475b-9f21-877d7c48b579
387,9a2c328f-16aa-490c-8ca2-c7deaa90db3f,330ded4b-db65-485a-80a4-6b3bffd33067,photo,culture,https://socialbuzz.cdn.com/content/storage/9a2c328f-16aa-490c-8ca2-c7deaa90db3f
388,800f467b-53a3-4d20-9342-51fe4fa36ebb,63e07d14-7bed-44b8-9cf0-4a7e9b2a99ea,GIF,food,https://socialbuzz.cdn.com/content/storage/800f467b-53a3-4d20-9342-51fe4fa36ebb
389,b07a2298-7c03-49b3-a0a6-c65333847598,ad4bd878-55e7-487c-a4db-470b23bbd832,GIF,culture,https://socialbuzz.cdn.com/content/storage/b07a2298-7c03-49b3-a0a6-c65333847598
390,38a50d44-5a3d-41c1-bf46-58638def9442,a8d09ab9-44c6-493c-afdf-93888822a4b0,video,fitness,
391,0d165485-5aa6-4b45-a18a-9449293727a2,a1a9c0bd-785a-478f-a19e-9eb48fae0bd6,GIF,technology,https://socialbuzz.cdn.com/content/storage/0d165485-5aa6-4b45-a18a-9449293727a2
392,45d2d284-1830-45a3-8c9d-95f8bdec3202,3c45659f-e24d-4b0d-8210-0b7704ea1ac6,audio,studying,https://socialbuzz.cdn.com/content/storage/45d2d284-1830-45a3-8c9d-95f8bdec3202
393,2dcf2359-f366-46a4-8ac0-14229d056bb3,85eca06e-b8db-4fd9-b083-da47572c40b2,audio,studying,https://socialbuzz.cdn.com/content/storage/2dcf2359-f366-46a4-8ac0-14229d056bb3
394,f7c26d94-b7c6-45a0-b882-354d8d89c2af,7d624010-a0e7-455b-a606-48c5c467dd80,photo,science,https://socialbuzz.cdn.com/content/storage/f7c26d94-b7c6-45a0-b882-354d8d89c2af
395,b8368fca-8fe3-4768-beed-5056cff63c23,48e26178-5cdd-4568-9990-d3bc5937910b,audio,technology,
396,29d7781c-9302-4269-91f3-c23afb33467a,3ae50cc3-39cc-440a-8e31-3215011f2762,video,public speaking,https://socialbuzz.cdn.com/content/storage/29d7781c-9302-4269-91f3-c23afb33467a
397,1517abf6-67ed-47e1-9b9b-7e79a23a4d22,3663e3e6-3d5c-4ed9-a6af-1e680ec5f34b,photo,education,https://socialbuzz.cdn.com/content/storage/1517abf6-67ed-47e1-9b9b-7e79a23a4d22
398,084a6656-0c55-43a7-a34b-7e5c5279a56d,8c9c5ee7-9c8c-4842-bbd1-1d1e51da8164,video,healthy eating,https://socialbuzz.cdn.com/content/storage/084a6656-0c55-43a7-a34b-7e5c5279a56d
399,4df372b3-ed9d-41ef-b33d-b576ec383dfc,47def058-01cc-478f-9830-eaddcccac633,audio,dogs,https://socialbuzz.cdn.com/content/storage/4df372b3-ed9d-41ef-b33d-b576ec383dfc
400,93081b1a-4446-438a-a0d7-fbcedc3c992d,3efc3621-873a-4b80-a0cb-27e531d600be,GIF,"""soccer""",
401,f361cc99-64f0-4a7c-ad49-945ff01abaa6,40f15350-9ac3-4b6c-83c3-51cc7945dd01,photo,dogs,https://socialbuzz.cdn.com/content/storage/f361cc99-64f0-4a7c-ad49-945ff01abaa6
402,fc346df4-d165-4ed0-8d43-a6896daf908e,4bcb2c2e-36ed-4d5d-90a1-440993e9f6d2,video,public speaking,https://socialbuzz.cdn.com/content/storage/fc346df4-d165-4ed0-8d43-a6896daf908e
403,aa6c9668-7455-4a4c-9915-f7d4cb56c8c6,987b33de-7307-48c1-b34a-6c6806d7af67,photo,animals,https://socialbuzz.cdn.com/content/storage/aa6c9668-7455-4a4c-9915-f7d4cb56c8c6
404,64b9d086-2fd4-46d0-a19d-848572029de1,e57c1d53-11ce-4df6-bb4b-85647776fd6d,audio,healthy eating,https://socialbuzz.cdn.com/content/storage/64b9d086-2fd4-46d0-a19d-848572029de1
405,def0559c-73c2-48f9-b85d-0c807659207f,8dda1a41-9e57-4944-bd36-18c0ac343b13,audio,animals,
406,362bdbf7-5b75-4ae5-8f37-79ef06b6e8e8,db0066e1-83cc-43f3-990b-983010aa5370,GIF,technology,https://socialbuzz.cdn.com/content/storage/362bdbf7-5b75-4ae5-8f37-79ef06b6e8e8
407,77b49477-2f3c-455a-b8f1-09ec2e553174,dcc6000c-ba92-472c-8bc1-9e9ca30b475b,video,cooking,https://socialbuzz.cdn.com/content/storage/77b49477-2f3c-455a-b8f1-09ec2e553174
408,1413f582-4261-4037-93bd-7356b0e9e017,2dd186bb-7a28-4e80-99c7-f1936afc7b49,photo,veganism,https://socialbuzz.cdn.com/content/storage/1413f582-4261-4037-93bd-7356b0e9e017
409,d4813cf8-87d5-421e-81f7-c5d43c25c62a,54a8e072-5369-4122-9189-43b55e1a4ba2,GIF,technology,https://socialbuzz.cdn.com/content/storage/d4813cf8-87d5-421e-81f7-c5d43c25c62a
410,b4871080-6bb7-4056-82a9-d8015d7b76e8,5897490a-0aaa-49c9-b63e-0da83088e3e0,GIF,education,
411,b4d8b8ed-d538-49d2-a1cb-25548045bcf1,9be473d9-cfdf-4954-bae2-09b0555a8ebb,video,healthy eating,https://socialbuzz.cdn.com/content/storage/b4d8b8ed-d538-49d2-a1cb-25548045bcf1
412,9522ddea-8e07-4a2a-a001-25e4a534b8f6,33a8d02a-e255-4ffe-9d90-2df8c2914077,GIF,technology,https://socialbuzz.cdn.com/content/storage/9522ddea-8e07-4a2a-a001-25e4a534b8f6
413,8477eb49-08fd-44c3-a238-a13ee8cc5be8,95f4bf3f-7eb7-429a-9f48-0f7cbdf0beaa,audio,food,https://socialbuzz.cdn.com/content/storage/8477eb49-08fd-44c3-a238-a13ee8cc5be8
414,b85e1b0d-1018-4a65-a709-4ac5323e06d9,3efc3621-873a-4b80-a0cb-27e531d600be,video,fitness,https://socialbuzz.cdn.com/content/storage/b85e1b0d-1018-4a65-a709-4ac5323e06d9
415,d826807d-be79-402e-a55a-baf08df8212d,1f81cb56-5258-4f9e-ab2c-4dfb581b44cb,GIF,science,
416,fbd8f70d-d62d-42e8-9508-9f5815ab578c,a559688e-3f10-436f-a25e-8ad553eacb89,video,education,https://socialbuzz.cdn.com/content/storage/fbd8f70d-d62d-42e8-9508-9f5815ab578c
417,6dbd153c-5b69-4ffb-a869-6285fb0c764d,de39bbda-66a8-4c52-835a-7a104cf7f081,audio,technology,https://socialbuzz.cdn.com/content/storage/6dbd153c-5b69-4ffb-a869-6285fb0c764d
418,9108109e-c521-4528-9d90-4c804cbb866d,1add9169-fda0-4da2-82a0-4de3bf7ed8ca,audio,veganism,https://socialbuzz.cdn.com/content/storage/9108109e-c521-4528-9d90-4c804cbb866d
419,fea9077f-2fe7-43bd-aaef-dc2619988d94,69527334-c362-47df-87fc-5e2b5e2605e5,photo,culture,https://socialbuzz.cdn.com/content/storage/fea9077f-2fe7-43bd-aaef-dc2619988d94
420,4b00c81e-66dd-45bd-9fb5-a9d2b37b62bf,b0c22f82-b882-4394-bf27-6dfadf26e5c2,photo,Animals,
421,88cbf75c-79f0-42cb-8733-af670f39d6e0,b473e898-b7b0-4a57-959d-484bf4cc4483,audio,animals,https://socialbuzz.cdn.com/content/storage/88cbf75c-79f0-42cb-8733-af670f39d6e0
422,58e8f463-aee3-46bb-81bb-a49ed8de8b04,b7b551bd-8cdd-44f3-aef8-29bf82b51535,GIF,technology,https://socialbuzz.cdn.com/content/storage/58e8f463-aee3-46bb-81bb-a49ed8de8b04
423,218838d8-52f4-4608-a1ba-d8988cc3d029,d71363d5-6468-44b0-b641-94c4776bce98,video,food,https://socialbuzz.cdn.com/content/storage/218838d8-52f4-4608-a1ba-d8988cc3d029
424,81d2e41e-39c2-41da-bea4-a6b46daa3f6f,55380131-13c6-4a5c-8826-ead0ea8895cc,video,science,https://socialbuzz.cdn.com/content/storage/81d2e41e-39c2-41da-bea4-a6b46daa3f6f
425,197dafda-42bd-4a0c-93b1-2ec8bb0214f6,47def058-01cc-478f-9830-eaddcccac633,audio,travel,
426,d288a4cb-6361-4d4b-925f-a0bf2e3350ec,9e9cf8e7-6731-47da-bc0f-3a487e835586,GIF,technology,https://socialbuzz.cdn.com/content/storage/d288a4cb-6361-4d4b-925f-a0bf2e3350ec
427,ac63258d-9d7d-4167-934e-48b3f3c43fa9,084eb113-0d87-4ae5-891b-2ec7f1e194a8,audio,tennis,https://socialbuzz.cdn.com/content/storage/ac63258d-9d7d-4167-934e-48b3f3c43fa9
428,96d90aa6-a75b-4a75-9565-45f6cc8c9e98,286516cf-d236-40de-8d28-7d0bd173125d,video,public speaking,https://socialbuzz.cdn.com/content/storage/96d90aa6-a75b-4a75-9565-45f6cc8c9e98
429,d200b97e-f661-4502-80d1-1e458816d558,23cc47ff-e5cd-4915-828d-258aefce5a14,audio,science,https://socialbuzz.cdn.com/content/storage/d200b97e-f661-4502-80d1-1e458816d558
430,7f9423ac-89b4-4a9a-9747-76e8dd533e81,3a80467c-0f1f-49ca-b904-1938ea2177a9,video,education,
431,6b09861c-712e-46e6-a2a5-72e4b3878767,4fe1900d-5e78-41a3-88ed-18e6889c6c77,photo,studying,https://socialbuzz.cdn.com/content/storage/6b09861c-712e-46e6-a2a5-72e4b3878767
432,4c009116-c94a-4633-83fb-956565358565,6fd58dea-315a-4ab2-8023-424a6ff455cd,photo,soccer,https://socialbuzz.cdn.com/content/storage/4c009116-c94a-4633-83fb-956565358565
433,34cd13f5-5fa9-45fe-ad8e-0135b67b558d,9ed68c70-13fd-4346-808f-2665943c46d6,photo,tennis,https://socialbuzz.cdn.com/content/storage/34cd13f5-5fa9-45fe-ad8e-0135b67b558d
434,763560f8-e3c4-4dec-a40c-411c22d05c7b,571d7193-a3e6-4909-b25c-e891fc126f31,photo,food,https://socialbuzz.cdn.com/content/storage/763560f8-e3c4-4dec-a40c-411c22d05c7b
435,21bc508c-dd96-4fb1-b8a1-a92bef9fa666,10f311c3-f547-4260-8c0e-a155008b7936,photo,animals,
436,5911afa4-2af5-4e7e-b6e3-e3b985597aa9,f5d9a26e-986d-4d8e-a1c9-69493fb64736,audio,dogs,https://socialbuzz.cdn.com/content/storage/5911afa4-2af5-4e7e-b6e3-e3b985597aa9
437,9531f7f8-d0cc-4e42-9cbb-94d93692653f,72d2587e-8fae-4626-a73d-352e6465ba0f,photo,soccer,https://socialbuzz.cdn.com/content/storage/9531f7f8-d0cc-4e42-9cbb-94d93692653f
438,3cec7ac2-f9b6-4e4c-b392-63c59c3621f2,5b62e10e-3c19-4d28-a57c-e9bdc3d6758d,GIF,healthy eating,https://socialbuzz.cdn.com/content/storage/3cec7ac2-f9b6-4e4c-b392-63c59c3621f2
439,09bb0893-a05b-49bc-95ec-1e158577bf13,11f207c2-0113-47e5-aa9a-df2c7b91ac75,photo,healthy eating,https://socialbuzz.cdn.com/content/storage/09bb0893-a05b-49bc-95ec-1e158577bf13
440,c323d478-30a2-4140-a2ba-935a37b2ec10,f0ef81ec-85b1-4475-ae60-aa7d373088aa,GIF,cooking,
441,e409d5be-a02d-4688-9869-eb940fe1e133,002cd824-10f2-447c-8d1c-940325a1cdf4,audio,public speaking,https://socialbuzz.cdn.com/content/storage/e409d5be-a02d-4688-9869-eb940fe1e133
442,bd656a40-09c1-4219-8210-e667136e3734,132b1407-16fa-48f8-8112-3e426974bbb7,GIF,culture,https://socialbuzz.cdn.com/content/storage/bd656a40-09c1-4219-8210-e667136e3734
443,28fbf4cf-c354-418c-8672-b7f2fee75b00,1bcc3c26-e82e-40f4-9d16-3311c8c1ddf6,photo,culture,https://socialbuzz.cdn.com/content/storage/28fbf4cf-c354-418c-8672-b7f2fee75b00
444,afe1fed5-5639-45c7-89f8-ce9d1078c910,b726d35b-6345-4ed9-8431-fc75e38ba179,audio,cooking,https://socialbuzz.cdn.com/content/storage/afe1fed5-5639-45c7-89f8-ce9d1078c910
445,af6c5966-dfe7-460b-9853-62ed9f18aed4,0d47a133-383b-4a9c-976c-697ac65ccb19,photo,technology,
446,5ecad91d-3e8f-4a9e-9473-c3db5f2ab72f,cbc99939-e6a6-4269-9819-bffce6f38751,audio,public speaking,https://socialbuzz.cdn.com/content/storage/5ecad91d-3e8f-4a9e-9473-c3db5f2ab72f
447,2b7f2d2b-2a0b-4d33-ada9-ee9629742dff,72f7f84c-5bcc-4380-81cd-3378ce0a1b32,photo,healthy eating,https://socialbuzz.cdn.com/content/storage/2b7f2d2b-2a0b-4d33-ada9-ee9629742dff
448,57528f91-7b0d-4120-acaf-82ee87f6df7d,b1ceae0c-016d-421f-a6f0-488a7857f9f6,video,education,https://socialbuzz.cdn.com/content/storage/57528f91-7b0d-4120-acaf-82ee87f6df7d
449,a82b8250-08aa-47a5-97c4-19f30f236179,acfcd174-178c-4af3-8118-5be702fb80cf,audio,culture,https://socialbuzz.cdn.com/content/storage/a82b8250-08aa-47a5-97c4-19f30f236179
450,bde82663-7be3-453d-afc2-539202df27c3,7adafb3c-7c7c-492b-be5b-5ddd9ff1316a,video,"""tennis""",
451,4e7535a7-4547-4da5-952e-607442ebed79,a81378a5-58de-4631-b2b1-3eca765f68c6,GIF,dogs,https://socialbuzz.cdn.com/content/storage/4e7535a7-4547-4da5-952e-607442ebed79
452,5444a751-c58b-456a-9fc9-1e4f292f2920,b596e7d8-dd3f-4125-8b99-4bf2283657cd,GIF,cooking,https://socialbuzz.cdn.com/content/storage/5444a751-c58b-456a-9fc9-1e4f292f2920
453,4c598198-bd8b-4b86-8440-b8ecba62abe7,9be473d9-cfdf-4954-bae2-09b0555a8ebb,photo,technology,https://socialbuzz.cdn.com/content/storage/4c598198-bd8b-4b86-8440-b8ecba62abe7
454,1157961e-120e-4b2d-8fb2-705433ed9918,2129de92-ee91-425f-a854-07c553ee0b74,video,veganism,https://socialbuzz.cdn.com/content/storage/1157961e-120e-4b2d-8fb2-705433ed9918
455,e0c5ae74-b379-4d34-a7ae-824daea8d682,7240bf9b-7424-4c04-aab1-1d7aa39964d9,audio,Soccer,
456,1f0ed2b8-8531-416f-b694-a40a63f378a0,1932a904-86ba-4438-bb52-b7e6516a4019,photo,animals,https://socialbuzz.cdn.com/content/storage/1f0ed2b8-8531-416f-b694-a40a63f378a0
457,65304022-f925-48f0-9dfc-436578f22c77,374634b7-aead-4f2f-9303-c15f456c4094,audio,soccer,https://socialbuzz.cdn.com/content/storage/65304022-f925-48f0-9dfc-436578f22c77
458,754eb96d-65d0-416b-aec4-4ba35836157d,0ce03276-e538-4c96-bcae-9844fb0628ac,GIF,tennis,https://socialbuzz.cdn.com/content/storage/754eb96d-65d0-416b-aec4-4ba35836157d
459,c0ea9b69-639e-42fe-8aa5-67f46036a17c,69f2735b-eee6-4fc1-a934-b31c20beb780,photo,animals,https://socialbuzz.cdn.com/content/storage/c0ea9b69-639e-42fe-8aa5-67f46036a17c
460,476e3ce0-3291-4c77-b3a3-deabee114efc,3eb6dad3-c017-4e77-8920-fbdea84b0acc,audio,healthy eating,
461,83d08b29-6cdc-436c-89a6-20c3d60f7e73,f11e8adf-a550-4e7a-ab81-dbccd952dff8,GIF,soccer,https://socialbuzz.cdn.com/content/storage/83d08b29-6cdc-436c-89a6-20c3d60f7e73
462,ae909545-786e-4089-9ef3-61c3c9fd3efd,9e9cf8e7-6731-47da-bc0f-3a487e835586,video,education,https://socialbuzz.cdn.com/content/storage/ae909545-786e-4089-9ef3-61c3c9fd3efd
463,f5068d8a-d4ba-49ee-8f30-716c1ec57e04,78703a69-8edc-458f-b0fc-85d96501dcdc,GIF,tennis,https://socialbuzz.cdn.com/content/storage/f5068d8a-d4ba-49ee-8f30-716c1ec57e04
464,8de4028d-9af3-4dc0-a4d6-4d9a56eae3c5,79acce4b-b991-4a68-b762-d496686a4f32,audio,technology,https://socialbuzz.cdn.com/content/storage/8de4028d-9af3-4dc0-a4d6-4d9a56eae3c5
465,b9bfb48f-a6b6-4c15-869a-1acceea04fca,f25dc445-de4a-47ee-92a4-0ff29c56656d,video,soccer,
466,3ac5929e-9d68-4ec5-ba6f-a018d3d4da41,9be473d9-cfdf-4954-bae2-09b0555a8ebb,video,tennis,https://socialbuzz.cdn.com/content/storage/3ac5929e-9d68-4ec5-ba6f-a018d3d4da41
467,674507f9-c555-4876-89c7-c06b6db561c0,4c731e48-0377-4d7d-b4c8-b2174b774ed8,audio,animals,https://socialbuzz.cdn.com/content/storage/674507f9-c555-4876-89c7-c06b6db561c0
468,e6193423-0d30-4439-884a-ea22fea68522,b1954833-b6a5-4c6c-9709-80686b7768c4,video,dogs,https://socialbuzz.cdn.com/content/storage/e6193423-0d30-4439-884a-ea22fea68522
469,dd7069e3-d0ad-4599-b159-032267fd5008,168e6d97-0b9c-45d0-ba57-cabc8c60d428,photo,public speaking,https://socialbuzz.cdn.com/content/storage/dd7069e3-d0ad-4599-b159-032267fd5008
470,732e236f-f063-42b6-b5c1-24938385a126,b596e7d8-dd3f-4125-8b99-4bf2283657cd,audio,education,
471,aeff2a7a-2cc8-407a-8557-fa4e96b2425a,f02267ef-8974-43f5-9a2f-03d2c8ec22ca,photo,tennis,https://socialbuzz.cdn.com/content/storage/aeff2a7a-2cc8-407a-8557-fa4e96b2425a
472,6fd589e8-53ab-4345-896a-f428a92fcbe6,561b08d6-1084-4115-933d-db3e60edfd8b,video,education,https://socialbuzz.cdn.com/content/storage/6fd589e8-53ab-4345-896a-f428a92fcbe6
473,1c77e474-0cc6-40ac-b48b-cbc511bffc77,f9775602-43ab-4d54-ad93-7c9a489879bc,video,healthy eating,https://socialbuzz.cdn.com/content/storage/1c77e474-0cc6-40ac-b48b-cbc511bffc77
474,bcd3702f-c27e-48ce-889b-63f765f498ef,e32722f4-69b1-4aff-b13b-8928ea08fd6a,GIF,education,https://socialbuzz.cdn.com/content/storage/bcd3702f-c27e-48ce-889b-63f765f498ef
475,10baeb43-5bb2-49df-9644-f91a3c77725a,49f49bcf-17fe-4edd-990d-16c3d1df931b,photo,food,
476,f24f469f-53f1-4901-b6c5-18827ae0a103,6eb62858-f6f3-4846-8054-52df483979de,photo,culture,https://socialbuzz.cdn.com/content/storage/f24f469f-53f1-4901-b6c5-18827ae0a103
477,2ea5611f-f6e0-4696-9153-cda8d2b9a2a3,568e7c6f-b1e9-4a85-897c-aaaaa0ce8832,photo,technology,https://socialbuzz.cdn.com/content/storage/2ea5611f-f6e0-4696-9153-cda8d2b9a2a3
478,06a70268-f59a-44b4-8ccc-6c8e6625a491,9a5c1dcc-d26b-4303-b487-3075e7d34e02,video,tennis,https://socialbuzz.cdn.com/content/storage/06a70268-f59a-44b4-8ccc-6c8e6625a491
479,7f5299bf-ae57-4c01-a84c-f0c6bc7a5b5f,6fd58dea-315a-4ab2-8023-424a6ff455cd,audio,animals,https://socialbuzz.cdn.com/content/storage/7f5299bf-ae57-4c01-a84c-f0c6bc7a5b5f
480,ec202582-a5b2-4ea2-992c-8a1ca8b705d0,72d2587e-8fae-4626-a73d-352e6465ba0f,photo,food,
481,d70f66c4-627a-4416-b1ad-51b5ccc8cf1d,b76ebf8d-3f04-4e7f-aec8-22575f68d9e2,GIF,healthy eating,https://socialbuzz.cdn.com/content/storage/d70f66c4-627a-4416-b1ad-51b5ccc8cf1d
482,ed00f2a0-56a1-41f9-abad-bdcec9c0f610,a1a9c0bd-785a-478f-a19e-9eb48fae0bd6,video,public speaking,https://socialbuzz.cdn.com/content/storage/ed00f2a0-56a1-41f9-abad-bdcec9c0f610
483,b3562ae0-929b-46a5-8989-89e4ac3d1f7c,e8493c32-7f6f-4e57-a691-cf0df6f015c9,photo,public speaking,https://socialbuzz.cdn.com/content/storage/b3562ae0-929b-46a5-8989-89e4ac3d1f7c
484,2e84726a-e69f-44e8-ac0f-c4a31516e342,19fa2bc2-96ab-45b6-99de-1995c2bee330,video,dogs,https://socialbuzz.cdn.com/content/storage/2e84726a-e69f-44e8-ac0f-c4a31516e342
485,dd5bd710-bb81-464e-a798-0291b385e883,fe15963d-0a77-4247-9bc6-04e146b826b2,photo,healthy eating,
486,a38cf15e-6a1d-42e8-bee7-0eeb456c700b,30be2156-59d1-451e-beea-1a3690200a2b,video,travel,https://socialbuzz.cdn.com/content/storage/a38cf15e-6a1d-42e8-bee7-0eeb456c700b
487,4d510edc-7c08-4524-a14d-f36f3b710020,92b87fa5-f271-43e0-af66-84fac21052e6,GIF,fitness,https://socialbuzz.cdn.com/content/storage/4d510edc-7c08-4524-a14d-f36f3b710020
488,4fd0ef9a-008d-4b61-9a78-4b0257281140,f5d9a26e-986d-4d8e-a1c9-69493fb64736,audio,technology,https://socialbuzz.cdn.com/content/storage/4fd0ef9a-008d-4b61-9a78-4b0257281140
489,6796d3e9-ee98-47cb-b057-90cfaf6ebcbb,64b82ed5-80dc-4fbb-9dfc-d7e037684f0e,audio,technology,https://socialbuzz.cdn.com/content/storage/6796d3e9-ee98-47cb-b057-90cfaf6ebcbb
490,76898916-4024-4c32-909b-dd240879d76a,24789387-968b-425a-8836-14e243cda16c,GIF,Animals,
491,8204e4bd-c544-4a18-ac0d-6f5289957cdf,8f41c07f-db4f-44f3-ae81-1f99cee047eb,photo,dogs,https://socialbuzz.cdn.com/content/storage/8204e4bd-c544-4a18-ac0d-6f5289957cdf
492,301cfd14-3e4f-4058-b253-c591ef150888,cf34e8ee-f508-47bc-baa1-bcc576e1084d,audio,veganism,https://socialbuzz.cdn.com/content/storage/301cfd14-3e4f-4058-b253-c591ef150888
493,56a3156c-41e0-4b35-8e6d-947961b3af5b,6978b891-dea2-4217-8bc8-47d5aa25e743,photo,fitness,https://socialbuzz.cdn.com/content/storage/56a3156c-41e0-4b35-8e6d-947961b3af5b
494,fd060448-7b3e-4626-b3ca-44bfe764e26f,9b6d35f9-5e15-4cd0-a8d7-b1f3340e02c4,photo,cooking,https://socialbuzz.cdn.com/content/storage/fd060448-7b3e-4626-b3ca-44bfe764e26f
495,60223ac7-2fa4-4bba-8156-1d90b367e21a,163daa38-8b77-48c9-9af6-37a6c1447ac2,photo,public speaking,
496,74c85e37-5017-462e-bee2-2769db7a17c1,41b0ee09-2868-4c4b-a22d-b533a7fa46af,photo,healthy eating,https://socialbuzz.cdn.com/content/storage/74c85e37-5017-462e-bee2-2769db7a17c1
497,b400ea0c-43f0-4307-a3b2-78e5784d69be,7f8ef27a-73f4-4bc1-aa62-f8aaea817294,audio,fitness,https://socialbuzz.cdn.com/content/storage/b400ea0c-43f0-4307-a3b2-78e5784d69be
498,79f1b9b4-b21b-4abd-802a-811540cbc845,007a1366-a46f-40f1-9ba5-01245aeaf20f,audio,travel,https://socialbuzz.cdn.com/content/storage/79f1b9b4-b21b-4abd-802a-811540cbc845
499,af373863-f9df-4330-b423-d2b802b30d6e,b473e898-b7b0-4a57-959d-484bf4cc4483,video,food,https://socialbuzz.cdn.com/content/storage/af373863-f9df-4330-b423-d2b802b30d6e
